incident_id,date,murder,longitude,latitude
201575314,2019-08-23,FALSE,-73.80814071699996,40.697805308000056
205748546,2019-11-27,FALSE,-73.91857061799993,40.81869973000005
193118596,2019-02-02,FALSE,-73.94547965999999,40.791916091000076
204192600,2019-10-24,TRUE,-74.16610830199994,40.63806398200006
201483468,2019-08-22,FALSE,-73.91333944399997,40.85454734900003
198255460,2019-06-07,FALSE,-73.90842523899994,40.67982701600005
194570529,2019-03-11,FALSE,-73.93895197599994,40.68756556300008
203211777,2019-10-03,TRUE,-73.92620615399994,40.64465170600005
193694863,2019-02-17,FALSE,-73.94501432899995,40.75627543400003
199582060,2019-07-10,FALSE,-73.89791186799994,40.64929346200006
197997726,2019-06-03,FALSE,-73.89500620399997,40.86065555300007
204464564,2019-11-04,FALSE,-73.91375915499998,40.82079045300003
205908100,2019-12-02,FALSE,-73.92754078099995,40.64341191200003
197953462,2019-06-01,FALSE,-73.75310453299994,40.60327400700004
201436772,2019-08-21,FALSE,-74.11896229899997,40.634411467000064
196542452,2019-04-27,FALSE,-73.95449784399995,40.65388611000003
205748546,2019-11-27,FALSE,-73.91857061799993,40.81869973000005
200056616,2019-07-21,FALSE,-73.88653330699998,40.65449240100003
206875589,2019-12-30,FALSE,-73.91936988499998,40.68681516500004
199403137,2019-07-06,FALSE,-73.95121919899998,40.652572760000055
196276903,2019-04-19,FALSE,-73.74979967899998,40.68947265200006
206821821,2019-12-21,FALSE,-73.97305570499998,40.67800757700007
191709964,2019-01-01,TRUE,-73.86615550299996,40.66567470000007
203517393,2019-10-09,TRUE,-73.70204752099994,40.74174848400003
200365038,2019-07-28,FALSE,-73.917800376999935,40.85143811800003
201852654,2019-08-31,FALSE,-73.85205834399994,40.84262515300003
193418293,2019-02-09,FALSE,-73.86599762999998,40.86268129200005
199637606,2019-07-11,TRUE,-73.89940208399997,40.85837313300004
198107751,2019-06-05,FALSE,-73.75058721799996,40.676551919000076
198858230,2019-06-23,FALSE,-73.96085431599994,40.59401905900006
195102368,2019-03-22,FALSE,-73.89368292099994,40.84264632600008
200209680,2019-07-24,FALSE,-73.84135960699996,40.87324459100006
200891279,2019-08-08,FALSE,-73.94142502699998,40.65120677600004
203348698,2019-10-05,TRUE,-73.94565697199994,40.800334261000046
193939359,2019-02-24,FALSE,-73.91182094199996,40.83021160200008
201875868,2019-09-02,FALSE,-73.89291929999996,40.85451099000005
202804360,2019-09-23,FALSE,-73.92054002199995,40.679188252000074
196000890,2019-04-14,FALSE,-73.90679704999997,40.859381159000066
197381376,2019-05-19,FALSE,-73.78339071499994,40.696592115000044
197662446,2019-05-26,FALSE,-73.88779253999996,40.66649382600008
203041423,2019-09-27,FALSE,-73.89625447799995,40.66762987300007
191851038,2019-01-03,FALSE,-74.16281491499996,40.624715270000024
205280613,2019-11-17,FALSE,-73.94274857999994,40.79708858400005
199247701,2019-07-03,FALSE,-73.94342324599995,40.755443005000075
194085121,2019-02-27,FALSE,-73.92414673399998,40.861820186000045
196414299,2019-04-24,FALSE,-73.93865428399994,40.662321699000074
198350536,2019-06-11,FALSE,-73.87035911599997,40.66905010500005
205332522,2019-11-19,TRUE,-73.89424277099994,40.66553377300005
199134406,2019-06-29,FALSE,-73.89435450199994,40.63367789500006
201720172,2019-08-28,FALSE,-73.90446299999996,40.86350728100007
200056610,2019-07-19,FALSE,-73.89769596199994,40.85590689000003
201291292,2019-08-18,FALSE,-73.92024708999998,40.66486580000003
197254458,2019-05-15,FALSE,-73.90472771799995,40.85537769300004
201858654,2019-09-02,FALSE,-73.82004575599996,40.69761867900007
195743583,2019-04-08,FALSE,-73.89899717699996,40.67746959700003
200995689,2019-08-11,FALSE,-73.87035911599997,40.66905010500005
204971625,2019-11-10,FALSE,-73.92700768599997,40.62016320400005
191951586,2019-01-06,FALSE,-73.99197054399997,40.57462792900003
198457970,2019-06-13,FALSE,-73.95057358399998,40.78948655500005
198405080,2019-06-12,FALSE,-74.16684866599996,40.635872566000046
192974876,2019-01-30,FALSE,-73.92914864499994,40.85310893600007
200331332,2019-07-28,TRUE,-73.90632950099996,40.63434976900004
200365034,2019-07-28,FALSE,-73.95246317599998,40.81860066000007
194626069,2019-03-12,FALSE,-73.92149590099996,40.675727746000064
199744073,2019-07-14,FALSE,-73.90729576599995,40.66757342400007
203676932,2019-10-13,FALSE,-73.93280818499994,40.69426487000004
202620767,2019-09-18,FALSE,-73.91597788499996,40.834823081000025
199422329,2019-07-07,FALSE,-73.99407278899997,40.574301425000044
204294841,2019-10-25,FALSE,-73.89878841299998,40.857790719000036
202356981,2019-09-12,FALSE,-73.92546530099997,40.665926040000045
203041430,2019-09-28,TRUE,-73.89660592299998,40.83855936400005
206032523,2019-12-04,FALSE,-73.94543829899999,40.652894047000075
206824627,2019-12-23,FALSE,-73.90031840799998,40.84757900300008
197953467,2019-06-01,FALSE,-73.88787562499994,40.81435102900008
200331333,2019-07-27,FALSE,-73.90075779799997,40.657236613000066
194817578,2019-03-16,FALSE,-73.77563402799996,40.694323792000034
206524906,2019-12-14,FALSE,-73.89455982599998,40.86857634900008
201856914,2019-09-02,TRUE,-73.90652809699998,40.69577536400004
204396946,2019-10-29,FALSE,-73.76645659599995,40.686019044000034
195145308,2019-03-25,FALSE,-73.91110256099995,40.80804468800005
198858227,2019-06-23,FALSE,-73.95127310099997,40.82549764000004
205748550,2019-11-27,FALSE,-73.82694879599995,40.83079891400007
195396618,2019-03-31,FALSE,-73.93938447299996,40.67984749000004
192545750,2019-01-19,FALSE,-73.87811801099997,40.82609951400008
203676928,2019-10-12,FALSE,-73.93042172099996,40.676216571000055
202504682,2019-09-16,FALSE,-73.97809388299999,40.69501525100003
204458421,2019-11-03,FALSE,-73.96221290099999,40.693869310000025
198948495,2019-06-25,FALSE,-73.82471319199993,40.76451021500003
192258908,2019-01-13,TRUE,-73.75876034299995,40.69744341100005
205493216,2019-11-21,FALSE,-73.84754276399997,40.857454424000025
197525242,2019-05-22,FALSE,-73.89950079699997,40.83850153900005
197660693,2019-05-26,TRUE,-73.94113246799998,40.78673189800003
197691092,2019-05-27,FALSE,-73.94218636599999,40.67924233600007
200668267,2019-08-04,FALSE,-73.95283747299999,40.81043801200008
199134403,2019-06-29,FALSE,-73.92941323199994,40.695750503000056
192545746,2019-01-18,FALSE,-73.91810450699995,40.812866866000036
192259533,2019-01-13,FALSE,-73.95737565299999,40.64535093400008
201664629,2019-08-27,FALSE,-73.91182094199996,40.83021160200008
196820305,2019-05-04,FALSE,-73.88273420199994,40.853658463000045
198552995,2019-06-14,FALSE,-73.92253800099996,40.66623152100004
192876037,2019-01-28,FALSE,-73.91810825999994,40.86560099800005
202770951,2019-09-22,FALSE,-73.94681909099995,40.638706899000056
191951589,2019-01-05,FALSE,-74.11865312699996,40.63681896700007
200680426,2019-08-04,FALSE,-73.94961690299994,40.679308959000025
195396617,2019-03-30,FALSE,-73.94735355499995,40.67372507300007
202770948,2019-09-21,FALSE,-73.94846436099994,40.64047529100003
203676928,2019-10-12,FALSE,-73.93042172099996,40.676216571000055
198255467,2019-06-08,FALSE,-74.11760587299995,40.63751722000006
199785879,2019-07-15,FALSE,-73.94112857099998,40.79930825400004
193939355,2019-02-24,FALSE,-73.90888577399994,40.66996814200007
200994114,2019-08-11,FALSE,-73.87233098799999,40.66148769200004
201291296,2019-08-17,FALSE,-73.91810115099997,40.82146607400006
204458418,2019-11-03,FALSE,-73.76193092699998,40.597284244000036
206195056,2019-12-06,FALSE,-73.87604591299998,40.66794473600004
202457201,2019-09-14,FALSE,-73.91218269899997,40.693007599000055
203041432,2019-09-27,TRUE,-73.77246640899995,40.596462931000076
203980164,2019-10-18,TRUE,-73.94106415099998,40.81087724100007
194269158,2019-03-04,FALSE,-73.92555358299995,40.680487139000036
197953471,2019-06-01,FALSE,-73.95686362099997,40.673740010000074
206570261,2019-12-16,TRUE,-74.10713802599997,40.634711295000045
198171739,2019-06-07,FALSE,-73.85042595199997,40.869408631000056
195699915,2019-04-07,FALSE,-73.87545147199995,40.735330916000066
206832556,2019-12-23,FALSE,-73.77391494099999,40.67912532300005
200331333,2019-07-27,FALSE,-73.90075779799997,40.657236613000066
199325323,2019-07-05,TRUE,-73.88417430999993,40.85284199500006
194859638,2019-03-18,FALSE,-73.95801490799994,40.80342449700004
204294842,2019-10-27,FALSE,-73.94822315299996,40.682000963000064
205862270,2019-11-30,TRUE,-73.92249595899995,40.84512030900004
200408150,2019-07-29,FALSE,-73.93211287499997,40.67943445800006
201573939,2019-08-25,FALSE,-73.86377323599999,40.75197560600003
204493624,2019-11-06,FALSE,-73.93596257699994,40.67651622300008
195553175,2019-04-03,TRUE,-73.90285617699993,40.829965609000055
192159800,2019-01-11,FALSE,-73.89692151399998,40.65119471500003
198948498,2019-06-25,FALSE,-73.90980569899995,40.749429804000044
205177556,2019-11-14,FALSE,-73.92671649599998,40.83289538100007
192834299,2019-01-25,FALSE,-73.82301862099996,40.66997788500004
193509769,2019-02-12,FALSE,-73.90032661699996,40.82280248200004
201089982,2019-08-13,FALSE,-73.98372250599994,40.60894803700006
197423567,2019-05-20,FALSE,-73.94795301199997,40.74633257700003
203348707,2019-10-05,FALSE,-73.90762016499997,40.81594675500003
205437642,2019-11-20,TRUE,-73.91710967899996,40.83427221300008
198948494,2019-06-25,FALSE,-73.89240146599997,40.85731010600006
197700945,2019-05-28,FALSE,-73.87983227999996,40.663161856000045
194817577,2019-03-17,FALSE,-73.88186650699998,40.67463439800008
196193414,2019-04-18,FALSE,-73.97916899999996,40.693497594000064
197525797,2019-05-22,FALSE,-73.94914747099995,40.798483162000025
199247701,2019-07-03,FALSE,-73.94342324599995,40.755443005000075
192978312,2019-01-31,FALSE,-73.94294803999998,40.83406831000008
197691090,2019-05-27,FALSE,-73.94960900699994,40.642043072000035
193267668,2019-02-06,FALSE,-73.92797416799993,40.67922608300006
197106407,2019-05-11,TRUE,-73.85374008999997,40.88484355600008
192259537,2019-01-12,FALSE,-73.93856369499997,40.67849662500004
196000889,2019-04-14,FALSE,-73.97625544299996,40.723392998000065
199467225,2019-07-08,FALSE,-73.93260042799994,40.66790942700004
206311807,2019-12-10,FALSE,-73.88842801999994,40.84687919500004
199742306,2019-07-12,FALSE,-73.78283677199994,40.68397606800005
195013387,2019-03-21,FALSE,-73.92364455999996,40.81428694400006
203207191,2019-10-02,FALSE,-73.91457972899997,40.84297933500005
203676928,2019-10-12,FALSE,-73.93042172099996,40.676216571000055
195396612,2019-03-30,FALSE,-73.77623390699995,40.67998073800004
200994118,2019-08-10,FALSE,-73.88948128799996,40.83946674600003
199188161,2019-07-02,FALSE,-73.92823133899998,40.664717351000036
197691092,2019-05-27,FALSE,-73.94218636599999,40.67924233600007
198266990,2019-06-10,TRUE,-73.94711752799998,40.825913006000064
201384509,2019-08-20,TRUE,-73.80059733799999,40.69382354100003
195978521,2019-04-13,TRUE,-73.79066712199995,40.695782146000056
201575315,2019-08-26,FALSE,-73.99033666499997,40.72135294100008
196678735,2019-05-02,FALSE,-73.88550993999996,40.67539564000003
199728579,2019-07-13,TRUE,-73.97813591099998,40.72081329800005
204434561,2019-10-31,FALSE,-73.90452830099997,40.82305580800005
193938809,2019-02-22,TRUE,-73.95153000199997,40.63649668200003
196276908,2019-04-19,FALSE,-73.73840293399996,40.69460475400007
194085122,2019-02-28,FALSE,-73.94596657399995,40.79714228700004
200056612,2019-07-19,FALSE,-73.91235948099995,40.84932069000007
206703579,2019-12-19,FALSE,-73.95723931799995,40.80186520800004
198052647,2019-06-04,FALSE,-73.93809683099994,40.70372081700003
200725654,2019-08-05,FALSE,-73.92532965699996,40.67117671300008
204054325,2019-04-21,TRUE,-73.88585904599995,40.88007108800008
193417904,2019-02-08,TRUE,-73.90624419799997,40.81816612400007
198107752,2019-06-05,FALSE,-73.91647725199994,40.80550434700007
206891917,2019-12-31,FALSE,-73.91715616699997,40.66052686300003
204294846,2019-10-27,FALSE,-73.91862797499994,40.83088631600003
205862273,2019-11-29,FALSE,-73.98322537599995,40.69543880800006
199582060,2019-07-10,TRUE,-73.89791186799994,40.64929346200006
201089979,2019-08-13,FALSE,-73.74271647099994,40.67764073700005
203348703,2019-10-03,FALSE,-73.91249125199994,40.66123156200007
194817572,2019-03-16,TRUE,-73.94757654399996,40.811986508000075
198760073,2019-06-20,FALSE,-73.93376235799997,40.67032001700005
202038516,2019-09-05,TRUE,-73.95073198799997,40.64374258000004
197381381,2019-05-18,FALSE,-73.95422681099996,40.807295863000036
193026088,2019-01-31,FALSE,-73.75498197399997,40.65986481400006
201573936,2019-08-25,TRUE,-73.87961129699994,40.873480219000044
205280617,2019-11-17,FALSE,-74.02093827699997,40.64696537000003
202140604,2019-09-08,FALSE,-73.75863991899996,40.690861178000034
202853371,2019-09-24,FALSE,-73.92117453999998,40.67005407200003
196043547,2019-04-15,FALSE,-73.78580605399998,40.68900458000007
197573448,2019-05-23,FALSE,-73.87487014199996,40.66635972600005
206873499,2019-12-27,FALSE,-73.75105110599998,40.706808642000055
205124100,2019-11-13,FALSE,-73.87487918899996,40.83064129700006
199314079,2019-07-04,FALSE,-73.91077639999997,40.85194616000007
194525843,2019-03-10,FALSE,-73.97816876899998,40.74165148800006
203394879,2019-10-07,FALSE,-73.85414296999994,40.818246481000074
198705943,2019-06-19,FALSE,-74.00063267799999,40.71083816400005
193418294,2019-02-09,FALSE,-73.94892805999996,40.797300086000064
194525844,2019-03-09,FALSE,-73.89693055399994,40.81563577600008
201851563,2019-08-30,FALSE,-73.92697009899996,40.63805647100003
198858232,2019-06-23,FALSE,-73.87182548099997,40.834532695000064
193939360,2019-02-23,FALSE,-73.84778502199998,40.81794183300008
196364280,2019-04-23,FALSE,-73.90370600899996,40.837001024000074
199061351,2019-06-28,FALSE,-73.92941179699994,40.70051267600007
191739125,2019-01-01,FALSE,-73.97512594699998,40.69514090800004
197200331,2019-05-14,FALSE,-73.92425384299997,40.86300322100004
204480329,2019-11-05,FALSE,-73.98373278599996,40.69980031700004
199844336,2019-07-16,FALSE,-73.94274857999994,40.79708858400005
200263247,2019-07-25,FALSE,-73.75420823699994,40.69182345000007
197662446,2019-05-26,TRUE,-73.88779253999996,40.66649382600008
193160952,2019-02-04,TRUE,-74.00037223199996,40.57916262500004
195799803,2019-04-09,FALSE,-73.99287775699997,40.573763375000055
197662445,2019-05-26,FALSE,-73.93422504099993,40.665385170000036
197573447,2019-05-23,FALSE,-73.92962232099995,40.85980630000006
196195746,2019-04-18,FALSE,-73.93351000399997,40.85476109900003
199298013,2019-07-04,FALSE,-73.91422293299996,40.65719254700008
191853461,2019-01-04,FALSE,-73.99287775699997,40.573763375000055
206195060,2019-12-07,FALSE,-73.86223992399994,40.749926198000026
196525187,2019-04-27,TRUE,-73.89264894999997,40.84507992600004
192978312,2019-01-31,TRUE,-73.94294803999998,40.83406831000008
198404597,2019-06-12,TRUE,-73.94165270399998,40.67520450200004
193982311,2019-02-25,FALSE,-73.84822634799997,40.73532021200003
200056611,2019-07-21,FALSE,-73.94787095499998,40.79585588600003
206823155,2019-12-21,FALSE,-73.95785778499999,40.652224051000076
199134406,2019-06-29,FALSE,-73.89435450199994,40.63367789500006
201858654,2019-09-02,TRUE,-73.82004575599996,40.69761867900007
197293450,2019-05-16,FALSE,-73.94168313999995,40.69399523200008
200263247,2019-07-25,FALSE,-73.75420823699994,40.69182345000007
201851564,2019-08-30,FALSE,-73.90982448999995,40.84486682000005
200365030,2019-07-28,FALSE,-73.88654175399995,40.81482181700005
203676929,2019-10-13,FALSE,-73.97634911099993,40.744099446000064
206311808,2019-12-10,FALSE,-74.11191815299998,40.56539505300003
193417904,2019-02-08,TRUE,-73.90624419799997,40.81816612400007
195743582,2019-04-08,FALSE,-73.93411572899998,40.65927522700008
203259385,2019-10-03,TRUE,-73.94993562299999,40.682177387000024
204192601,2019-10-24,FALSE,-73.91244513899994,40.855641810000066
198405076,2019-06-12,FALSE,-73.85766247999999,40.86189455900006
196043547,2019-04-15,FALSE,-73.78580605399998,40.68900458000007
198255460,2019-06-07,FALSE,-73.90842523899994,40.67982701600005
200331333,2019-07-27,FALSE,-73.90075779799997,40.657236613000066
193732895,2019-02-18,FALSE,-73.83866600699997,40.89104019400003
202578454,2019-09-18,FALSE,-73.95248348799998,40.80027140300007
203678796,2019-10-12,FALSE,-73.90728181399999,40.830611515000044
197953462,2019-06-01,FALSE,-73.75310453299994,40.60327400700004
205908101,2019-12-02,FALSE,-73.91938390099995,40.675221247000025
206873686,2019-12-28,FALSE,-73.93986908699998,40.79415025600008
205748546,2019-11-27,FALSE,-73.91857061799993,40.81869973000005
203041429,2019-09-29,FALSE,-74.07804343999999,40.62157070600006
204338715,2019-10-28,FALSE,-73.91942041999994,40.67483425900008
203571464,2019-10-10,TRUE,-73.95996734599998,40.65606750000006
206843560,2019-12-25,FALSE,-73.89332824199994,40.820411060000026
197660694,2019-05-25,FALSE,-73.98407867999998,40.71626346000005
197016009,2019-05-09,FALSE,-73.89665221699994,40.669167307000066
204971625,2019-11-10,TRUE,-73.92700768599997,40.62016320400005
198052648,2019-06-04,FALSE,-73.90295060899996,40.861842730000035
192259536,2019-01-13,FALSE,-73.94134727099998,40.81344644500007
192545747,2019-01-19,FALSE,-73.94741177999998,40.79648422100007
201034736,2019-08-12,FALSE,-73.98711927099998,40.77429060000003
194965392,2019-03-20,FALSE,-73.74573461299997,40.68317269900007
204294845,2019-10-26,FALSE,-73.89337329799997,40.84640903700006
200465330,2019-07-30,FALSE,-73.94557011499995,40.79612655100004
198595257,2019-06-17,FALSE,-73.85723973399996,40.83146892900004
197655792,2019-05-24,FALSE,-73.95881728799998,40.650808090000055
193160951,2019-02-04,TRUE,-73.94939048399993,40.68786431700005
199046249,2019-06-27,FALSE,-73.74911276899996,40.603696297000056
195699912,2019-04-06,FALSE,-73.92133955099996,40.82051865600005
198858229,2019-06-23,FALSE,-73.90157978699995,40.85495236700007
202244820,2019-09-10,FALSE,-73.93617279199998,40.792130892000046
201483468,2019-08-22,FALSE,-73.91333944399997,40.85454734900003
199134397,2019-06-30,FALSE,-73.75670987699993,40.60115995800004
197381375,2019-05-17,FALSE,-73.91372714799996,40.837118743000076
203676928,2019-10-12,TRUE,-73.93042172099996,40.676216571000055
192258906,2019-01-13,TRUE,-73.92665858699996,40.67561587200004
194527595,2019-03-09,FALSE,-73.90443726899997,40.82857810400003
195013388,2019-03-21,FALSE,-73.97825230899997,40.69577009300008
204294841,2019-10-25,FALSE,-73.89878841299998,40.857790719000036
202804359,2019-09-23,FALSE,-73.95494033399996,40.82048727700004
192301917,2019-01-14,FALSE,-73.88624505699994,40.671361545000025
193466266,2019-02-12,TRUE,-73.83394336999999,40.75166748000004
206090803,2019-12-05,FALSE,-73.91400444399994,40.82389216900003
199403136,2019-07-05,FALSE,-73.86943433699997,40.878137880000054
196193415,2019-04-18,FALSE,-73.87564431799996,40.67066712500008
204464564,2019-11-04,TRUE,-73.91375915499998,40.82079045300003
200668267,2019-08-04,TRUE,-73.95283747299999,40.81043801200008
199728579,2019-07-13,TRUE,-73.97813591099998,40.72081329800005
196630584,2019-04-30,FALSE,-73.93505670199994,40.81079990500007
195699916,2019-04-07,FALSE,-73.92641162299998,40.66419194800005
198255457,2019-06-07,FALSE,-73.86944659699998,40.66930982700006
193118592,2019-02-01,FALSE,-73.94374411699994,40.79862337700007
201384969,2019-08-20,TRUE,-73.92117001499997,40.66473194200006
205437641,2019-11-20,FALSE,-73.92546037999995,40.680006743000035
204493623,2019-11-05,FALSE,-73.78410196999994,40.689657398000065
199134402,2019-06-28,TRUE,-74.00539554699998,40.64122780400004
193517125,2019-02-12,TRUE,-73.82696399999998,40.69433830500003
197706725,2019-05-27,FALSE,-73.81062580299994,40.73578327800004
201851568,2019-08-30,TRUE,-73.80393908099995,40.674588380000046
200899516,2019-08-06,FALSE,-74.08730302399994,40.63953693600007
200209679,2019-07-24,FALSE,-73.91898142499997,40.82847396100004
204398628,2019-10-29,FALSE,-73.98380813199998,40.70140601600008
205705081,2019-11-26,FALSE,-73.93595560199998,40.68753374200003
199325324,2019-07-05,FALSE,-73.88291686099996,40.67185501100005
199742307,2019-07-13,FALSE,-73.90074122799996,40.85004960500004
203207192,2019-10-02,FALSE,-73.92570780199998,40.681217349000065
201875867,2019-09-02,FALSE,-73.94909593099999,40.68639573400003
200365035,2019-07-28,TRUE,-73.84523135199998,40.84253385300008
202504683,2019-09-16,FALSE,-73.94109824099996,40.80093037300003
199325319,2019-07-05,FALSE,-73.89104432799996,40.87147697300003
204458422,2019-11-02,FALSE,-74.07721684699999,40.64502274600005
197700944,2019-05-28,FALSE,-73.89137286999994,40.63272816400007
197423972,2019-05-20,FALSE,-73.82595788299994,40.878075016000025
196095818,2019-04-16,FALSE,-73.73613510799998,40.71817995600003
200099025,2019-07-22,FALSE,-73.90678471699994,40.83722861900003
203041424,2019-09-29,TRUE,-73.84591741799994,40.88649666100008
200781634,2019-08-06,TRUE,-73.91795806799996,40.83202215400007
202325345,2019-09-12,TRUE,-73.94242273799995,40.82305625200007
205280614,2019-11-15,FALSE,-73.90620546899999,40.83026481100006
197691090,2019-05-27,FALSE,-73.94960900699994,40.642043072000035
201664628,2019-08-27,FALSE,-73.93977335499994,40.660436625000045
206832555,2019-12-23,FALSE,-73.90872392799997,40.661794060000034
194859637,2019-03-18,FALSE,-73.94075321199995,40.79494394100004
201291292,2019-08-18,FALSE,-73.92024708999998,40.66486580000003
202804357,2019-09-23,FALSE,-73.94691026399994,40.79584721300006
198857666,2019-06-22,FALSE,-73.91833724599996,40.82339303400005
191949902,2019-01-05,FALSE,-73.85087315799996,40.83121933700005
195553175,2019-04-03,FALSE,-73.90285617699993,40.829965609000055
198552994,2019-06-15,FALSE,-73.94197557899997,40.80962885300005
192876454,2019-01-28,FALSE,-73.85801740899996,40.82095486800006
198159775,2019-06-06,FALSE,-73.94789561099998,40.63514191200005
195102367,2019-03-23,FALSE,-73.84687148999996,40.88680259100005
200994120,2019-08-11,FALSE,-73.90078017499997,40.67611797400008
194626068,2019-03-12,FALSE,-73.90842786599995,40.670036398000036
205177555,2019-11-14,TRUE,-73.92629731299996,40.86225524200006
201195511,2019-08-15,FALSE,-73.94500088199999,40.82502272800008
203676928,2019-10-12,TRUE,-73.93042172099996,40.676216571000055
198948497,2019-06-25,FALSE,-73.89432798599995,40.834725680000076
199744072,2019-07-14,FALSE,-73.90752952599996,40.662767503000055
204971623,2019-11-10,FALSE,-73.95505791899996,40.764069376000066
193939355,2019-02-24,FALSE,-73.90888577399994,40.66996814200007
197706724,2019-05-28,FALSE,-73.91891059599999,40.80653810100006
199408422,2019-07-05,TRUE,-73.74903292999994,40.66421620500006
196820303,2019-05-03,FALSE,-73.95250846999994,40.80069410200008
205437643,2019-11-20,FALSE,-74.10082545299997,40.58685598400007
199742303,2019-07-12,FALSE,-73.87242800499996,40.75211177400007
194232503,2019-03-04,FALSE,-73.82296280999998,40.866199635000044
196095819,2019-04-16,TRUE,-73.92956610799996,40.67051514900004
197953467,2019-06-01,FALSE,-73.88787562499994,40.81435102900008
206570260,2019-12-16,FALSE,-73.93613752499994,40.79501283900004
193226256,2019-02-06,FALSE,-73.93951601999999,40.70574171900006
200365038,2019-07-28,FALSE,-73.917800376999935,40.85143811800003
203083804,2019-09-30,FALSE,-73.94719977999995,40.799665264000055
195699913,2019-04-07,FALSE,-73.84353817799996,40.88476156000007
200331333,2019-07-27,TRUE,-73.90075779799997,40.657236613000066
201852800,2019-09-01,FALSE,-73.78602574499996,40.592451366000034
205771022,2019-11-28,FALSE,-73.88319042199998,40.667974171000026
201982888,2019-09-04,FALSE,-73.86697804199997,40.66713587700008
199467225,2019-07-08,TRUE,-73.93260042799994,40.66790942700004
201573943,2019-08-23,FALSE,-73.92146300499996,40.63630990100006
200209683,2019-07-24,FALSE,-73.91389240999996,40.68708841900008
201573938,2019-08-25,FALSE,-73.86075225699994,40.73817137200007
199742305,2019-07-13,FALSE,-73.94617553799998,40.78884506300005
200994116,2019-08-11,FALSE,-73.91466396499999,40.60262094700005
201875864,2019-09-02,FALSE,-73.87989381599994,40.84118358500007
200365031,2019-07-28,FALSE,-73.85727348699999,40.67422773900006
195978522,2019-04-13,TRUE,-73.86272726099997,40.74987737400005
202457205,2019-09-15,FALSE,-73.89073873399997,40.863813486000026
193517125,2019-02-12,FALSE,-73.82696399999998,40.69433830500003
201339051,2019-08-20,TRUE,-73.77188182599997,40.66428299800003
204458416,2019-11-01,FALSE,-73.90942043899997,40.844314817000054
198595258,2019-06-17,TRUE,-73.93697840199997,40.69266153900003
201613990,2019-08-26,FALSE,-73.91509552299993,40.81264236700008
202457199,2019-09-15,TRUE,-73.97163074399998,40.69703399000008
200056613,2019-07-21,FALSE,-73.82141588799993,40.821584683000026
202944932,2019-09-26,FALSE,-73.92442689199999,40.812525348000065
201720171,2019-08-28,FALSE,-73.95248348799998,40.80027140300007
199325320,2019-07-05,FALSE,-73.91754236899999,40.82921401300007
195102370,2019-03-24,FALSE,-73.91899084899995,40.621873331000074
205974388,2019-12-03,FALSE,-73.93488836999995,40.639447345000065
202770949,2019-09-21,TRUE,-73.75444613099995,40.68891449000006
191951588,2019-01-06,TRUE,-73.86619987399996,40.82145595800006
194378288,2019-03-06,FALSE,-73.99174431699998,40.599292698000056
200680425,2019-08-03,FALSE,-73.87036942699996,40.67301906900008
192545749,2019-01-19,TRUE,-73.83449783599997,40.77110109700004
203676926,2019-10-11,FALSE,-73.78257211399995,40.684420223000075
198255466,2019-06-09,FALSE,-73.93957234299995,40.802765805000035
199752462,2019-07-15,TRUE,-73.93305619799997,40.79923248600005
201089982,2019-08-13,FALSE,-73.98372250599994,40.60894803700006
194525845,2019-03-10,FALSE,-73.94928351799996,40.695758229000035
193160952,2019-02-04,FALSE,-74.00037223199996,40.57916262500004
194324356,2019-03-05,TRUE,-73.95490341799996,40.68835243400008
197953470,2019-06-02,FALSE,-73.90281300199996,40.81252013400007
196276907,2019-04-20,FALSE,-73.90665021099994,40.81718658800003
193779318,2019-02-19,FALSE,-73.92476772999999,40.67718191900008
196364281,2019-04-23,FALSE,-73.83315683199999,40.882693990000064
203676928,2019-10-12,TRUE,-73.93042172099996,40.676216571000055
191739126,2019-01-01,FALSE,-73.89581193099997,40.85633063300003
206729523,2019-12-19,FALSE,-73.75618326799997,40.67337996200007
197254458,2019-05-15,FALSE,-73.90472771799995,40.85537769300004
201573935,2019-08-25,TRUE,-73.88405877499997,40.73455764800008
198171739,2019-06-07,TRUE,-73.85042595199997,40.869408631000056
204039257,2019-10-22,FALSE,-73.86297449699998,40.68407195200007
195744020,2019-04-08,FALSE,-73.95081211799999,40.68657763600004
199900180,2019-07-17,FALSE,-73.94465152299995,40.75416455100003
197662446,2019-05-26,TRUE,-73.88779253999996,40.66649382600008
206196588,2019-12-06,FALSE,-73.92948225299995,40.67140715000005
200331333,2019-07-27,TRUE,-73.90075779799997,40.657236613000066
201765788,2019-08-29,FALSE,-73.79770578099993,40.704336470000044
203348701,2019-10-06,FALSE,-73.94597136299996,40.79124111900006
198760073,2019-06-20,FALSE,-73.93376235799997,40.67032001700005
200408149,2019-07-29,FALSE,-73.88646598899999,40.83593960600007
201858653,2019-09-02,TRUE,-73.955372514999965,40.63935281700003
200263247,2019-07-25,FALSE,-73.75420823699994,40.69182345000007
206843561,2019-12-25,FALSE,-73.95440522899997,40.64174589100003
203350418,2019-10-06,FALSE,-73.94939048399993,40.68786431700005
203676930,2019-10-12,TRUE,-73.94941886199996,40.807324046000076
200994114,2019-08-11,FALSE,-73.87233098799999,40.66148769200004
201851565,2019-08-30,FALSE,-73.90766783999999,40.69044044900005
202770948,2019-09-21,FALSE,-73.94846436099994,40.64047529100003
205645837,2019-11-25,FALSE,-73.93268571799996,40.77270715700007
206311808,2019-12-10,FALSE,-74.11191815299998,40.56539505300003
205862274,2019-12-01,FALSE,-73.92594259299995,40.69056345100006
197660693,2019-05-26,FALSE,-73.94113246799998,40.78673189800003
198858233,2019-06-23,FALSE,-73.90609965999994,40.87707565900007
206890929,2019-12-31,TRUE,-73.95339008999997,40.80024432600004
203041432,2019-09-27,FALSE,-73.77246640899995,40.596462931000076
201291295,2019-08-17,TRUE,-73.90955229099995,40.69151240700006
199046250,2019-06-27,FALSE,-73.90941104999996,40.859171900000035
200056612,2019-07-19,FALSE,-73.91235948099995,40.84932069000007
199134398,2019-06-28,FALSE,-73.91356336299998,40.671110834000046
204296334,2019-10-26,FALSE,-73.90371082399997,40.646394480000026
195102364,2019-03-23,FALSE,-73.94671806199995,40.69754940400003
192301917,2019-01-14,FALSE,-73.88624505699994,40.671361545000025
192440376,2019-01-17,TRUE,-73.95861337799994,40.689048255000046
194817573,2019-03-15,FALSE,-73.89868224799994,40.66406931200004
197200331,2019-05-14,FALSE,-73.92425384299997,40.86300322100004
192699974,2019-01-24,FALSE,-73.86387135299998,40.87881762600006
204971621,2019-11-10,FALSE,-73.91327951999995,40.83119531600005
195013384,2019-03-21,TRUE,-73.91770925599997,40.834516921000045
203041428,2019-09-26,FALSE,-73.98566339999996,40.694374168000024
197381380,2019-05-18,FALSE,-73.93995242199998,40.81787845200006
193118591,2019-02-03,TRUE,-73.87648084299997,40.748424502000034
200725654,2019-08-05,FALSE,-73.92532965699996,40.67117671300008
195396614,2019-03-31,FALSE,-73.95177405399994,40.65775788800005
202139599,2019-09-06,TRUE,-73.91253013099998,40.69205542900005
197654798,2019-05-24,FALSE,-73.92751668299996,40.65232695800006
191997175,2019-01-08,FALSE,-73.90657156199995,40.829460906000065
199247701,2019-07-03,FALSE,-73.94342324599995,40.755443005000075
194817574,2019-03-15,FALSE,-73.83770522999998,40.718658885000025
198255470,2019-06-09,FALSE,-73.88646598899999,40.83593960600007
202853370,2019-09-24,FALSE,-73.89071440599997,40.832416753000075
201034738,2019-08-12,FALSE,-73.89809461399994,40.661774156000035
200994112,2019-08-10,FALSE,-73.93628998399998,40.77533592200007
204294844,2019-10-27,FALSE,-73.90565842999996,40.663043206000054
200521041,2019-07-31,FALSE,-73.86626921999994,40.75278823200006
205862272,2019-11-29,FALSE,-73.89981617899997,40.82585965700008
195254733,2019-03-27,TRUE,-73.93199489299997,40.85170536100003
198998743,2019-06-26,FALSE,-73.92709647699996,40.680685750000066
202301559,2019-09-11,FALSE,-73.77927619999997,40.66601566000003
195604251,2019-04-04,FALSE,-73.73553543099996,40.71566436900008
198857666,2019-06-22,FALSE,-73.91833724599996,40.82339303400005
202853369,2019-09-24,FALSE,-73.91799620099994,40.847993651000024
192258907,2019-01-13,FALSE,-73.94958420199998,40.67964380700005
192582052,2019-01-21,FALSE,-73.85848844499998,40.87129342900005
204458423,2019-11-02,FALSE,-73.95270199199996,40.69607807800003
203350417,2019-10-06,FALSE,-73.96007501899999,40.674885741000026
197423973,2019-05-03,FALSE,-74.14297795599998,40.63041514200006
203041425,2019-09-29,FALSE,-73.90449300199998,40.86275525800005
205280615,2019-11-17,FALSE,-73.86762631099998,40.816366145000075
204338716,2019-10-28,FALSE,-73.93671450599999,40.81113019400004
200725655,2019-08-05,FALSE,-73.90752952599996,40.662767503000055
202504685,2019-09-17,FALSE,-73.90503314699998,40.74526492500007
200839848,2019-08-06,FALSE,-73.90404439699995,40.67003008100005
197534776,2019-05-23,FALSE,-73.91471898299994,40.813292588000024
206873687,2019-12-27,TRUE,-73.90478382299995,40.85406302600006
192978312,2019-01-31,FALSE,-73.94294803999998,40.83406831000008
194032274,2019-02-26,TRUE,-73.78704914399998,40.70284605000006
197381382,2019-05-19,FALSE,-73.91545382599998,40.65570853100007
195743585,2019-04-08,FALSE,-73.93486594799998,40.67349360900005
200365029,2019-07-27,FALSE,-73.94294803999998,40.83406831000008
197016008,2019-05-09,FALSE,-74.00537012399997,40.728250797000044
192259535,2019-01-12,FALSE,-73.80317322499997,40.75941136600005
198900605,2019-06-24,TRUE,-73.93974841499994,40.81575118600006
201573942,2019-08-24,FALSE,-73.86251079699997,40.880992555000034
193160952,2019-02-04,FALSE,-74.00037223199996,40.57916262500004
198595255,2019-06-17,FALSE,-73.90886718999997,40.67829303700006
191951588,2019-01-06,TRUE,-73.86619987399996,40.82145595800006
199247701,2019-07-03,FALSE,-73.94342324599995,40.755443005000075
206681439,2019-12-18,TRUE,-73.81260554099998,40.58740067900004
198405077,2019-06-12,FALSE,-73.96705837799993,40.68159892600005
192876454,2019-01-28,FALSE,-73.85801740899996,40.82095486800006
200725653,2019-08-05,FALSE,-73.94484914899994,40.75524058600007
197662446,2019-05-26,TRUE,-73.88779253999996,40.66649382600008
201291290,2019-08-16,TRUE,-73.89131055799999,40.865658464000035
203676928,2019-10-12,TRUE,-73.93042172099996,40.676216571000055
194626071,2019-03-12,FALSE,-73.93511008699994,40.67081759000007
202566072,2019-09-17,FALSE,-74.08244438599996,40.617875887000025
199744071,2019-07-14,FALSE,-73.82694879599995,40.83079891400007
192834302,2019-01-27,FALSE,-73.77985358499996,40.68329518400003
199403136,2019-07-05,FALSE,-73.86943433699997,40.878137880000054
197953463,2019-05-31,FALSE,-73.93842499899995,40.680332805000035
196276904,2019-04-20,FALSE,-73.98380813199998,40.70140601600008
206195058,2019-12-07,TRUE,-73.96020079799996,40.65139047100007
204020534,2019-10-21,FALSE,-73.98711927099998,40.77429060000003
195396615,2019-03-30,FALSE,-73.96172317299994,40.65495097100006
202457203,2019-09-14,TRUE,-73.93174513099996,40.852045557000054
206832369,2019-12-23,FALSE,-73.99842465499995,40.57978019500007
198052649,2019-06-04,FALSE,-73.97924062499999,40.69509231700005
200331333,2019-07-27,FALSE,-73.90075779799997,40.657236613000066
193418290,2019-02-10,FALSE,-73.91588299999995,40.869856423000044
194915415,2019-03-19,TRUE,-73.88084420599995,40.665699086000075
201858653,2019-09-02,TRUE,-73.955372514999965,40.63935281700003
203348700,2019-10-04,TRUE,-73.91770925599997,40.834516921000045
201089981,2019-08-13,FALSE,-73.94336412599995,40.82922409500003
195440618,2019-04-01,FALSE,-73.90452830099997,40.82305580800005
205771021,2019-11-28,FALSE,-73.90590391399996,40.877413096000055
198858229,2019-06-23,FALSE,-73.90157978699995,40.85495236700007
195102369,2019-03-23,FALSE,-73.78189543199994,40.59586912100008
204424712,2019-10-30,FALSE,-73.89149547599999,40.86976470700006
193939358,2019-02-22,FALSE,-73.76021875499998,40.59977297000006
201875866,2019-09-02,TRUE,-74.11676658399995,40.610879854000075
196000892,2019-04-14,FALSE,-73.904280521999965,40.859672783000065
197381374,2019-05-17,TRUE,-73.94626073199998,40.81304536500005
203676928,2019-10-12,TRUE,-73.93042172099996,40.676216571000055
198948497,2019-06-25,FALSE,-73.89432798599995,40.834725680000076
193267668,2019-02-06,TRUE,-73.92797416799993,40.67922608300006
202900139,2019-09-25,FALSE,-73.89268997599999,40.64488058200004
198295765,2019-06-10,FALSE,-73.91851337199995,40.69431327700005
196193416,2019-04-18,FALSE,-73.88066091799993,40.675467566000066
198255458,2019-06-07,FALSE,-73.95063404199993,40.79074641400007
199247701,2019-07-03,FALSE,-73.94342324599995,40.755443005000075
193214568,2019-02-05,FALSE,-73.75614960299998,40.606664855000076
200680423,2019-08-03,FALSE,-73.94461786899996,40.79898610500004
191949899,2019-01-04,FALSE,-73.94098525199996,40.598363825000035
196375777,2019-04-24,TRUE,-73.94661899399995,40.80326882400004
202944931,2019-09-26,FALSE,-73.94616681699995,40.799631850000026
197691091,2019-05-27,FALSE,-73.86661702199996,40.665609361000065
199900181,2019-07-17,FALSE,-73.93676575499995,40.806617895000045
205437642,2019-11-20,FALSE,-73.91710967899996,40.83427221300008
192545748,2019-01-19,TRUE,-73.94309272199996,40.821236836000026
201614529,2019-08-26,TRUE,-73.73494154499997,40.65092724700003
199134401,2019-06-29,FALSE,-73.95759720299998,40.62560501000007
193602933,2019-02-14,FALSE,-73.94089151099996,40.83442957700004
201291293,2019-08-16,TRUE,-73.91572748899995,40.67016823600005
197660695,2019-05-25,FALSE,-73.89075759399998,40.66525054900006
197293451,2019-05-16,TRUE,-73.94584562599994,40.67498697000008
195854214,2019-04-10,FALSE,-73.88880988799997,40.854120099000056
201034737,2019-08-12,FALSE,-73.93659275299996,40.79863064400007
204971625,2019-11-10,FALSE,-73.92700768599997,40.62016320400005
205719913,2019-11-27,FALSE,-73.86066017599995,40.88745957300006
199483245,2019-07-05,TRUE,-73.92141156699995,40.85131986700003
204192603,2019-10-24,FALSE,-73.86363907499998,40.66940464800007
198552502,2019-06-15,TRUE,-73.94495240499998,40.81373916300004
199742308,2019-07-13,FALSE,-73.93018906599997,40.67805543000003
201483469,2019-08-22,FALSE,-73.76356183699994,40.66753798700006
203207193,2019-10-02,FALSE,-73.93909590499999,40.69579171600003
197953471,2019-06-01,FALSE,-73.95686362099997,40.673740010000074
204971624,2019-11-10,FALSE,-73.92766355499998,40.86587636400003
198255461,2019-06-07,FALSE,-73.94543815999998,40.68831814300006
200365036,2019-07-27,FALSE,-73.91608474599997,40.68419430200004
200331333,2019-07-27,TRUE,-73.90075779799997,40.657236613000066
204294841,2019-10-25,FALSE,-73.89878841299998,40.857790719000036
193733167,2019-02-18,FALSE,-73.91436893199995,40.821427682000035
201147236,2019-08-15,TRUE,-73.89802295699997,40.824178317000076
197692916,2019-05-27,TRUE,-73.89463443299996,40.835181583000065
200994120,2019-08-11,FALSE,-73.90078017499997,40.67611797400008
194570530,2019-03-11,FALSE,-73.92120716799997,40.68210366200003
203778568,2019-10-15,FALSE,-73.91761360499999,40.62283851900003
196000887,2019-04-13,FALSE,-73.93800993799994,40.82819756300006
202804357,2019-09-23,FALSE,-73.94691026399994,40.79584721300006
201291298,2019-08-19,FALSE,-73.89466620499996,40.82880838400007
193462348,2019-02-11,FALSE,-73.87083801799997,40.67491074800006
199658515,2019-07-12,FALSE,-73.82772191799995,40.74294374700003
204468719,2019-11-04,FALSE,-73.94342324599995,40.755443005000075
202356982,2019-09-12,FALSE,-73.85902567999995,40.88735603500004
200155033,2019-07-23,FALSE,-73.89304393799995,40.633127726000055
193118593,2019-02-02,FALSE,-73.79637672499996,40.68957272600005
196315234,2019-04-22,FALSE,-73.91820160899994,40.680948759000046
196582021,2019-04-30,FALSE,-73.95646732699998,40.712004695000076
205748548,2019-11-27,FALSE,-73.89294648299995,40.82414626900004
206882664,2019-12-30,FALSE,-73.93964677899999,40.656923240000026
201436770,2019-08-21,FALSE,-73.91962987899996,40.66256524500005
206090803,2019-12-05,FALSE,-73.91400444399994,40.82389216900003
203348706,2019-10-05,FALSE,-73.84754276399997,40.857454424000025
206823156,2019-12-21,FALSE,-73.92782678799995,40.818741576000036
201852779,2019-08-31,FALSE,-73.73324843399996,40.703936154000075
194859637,2019-03-18,FALSE,-73.94075321199995,40.79494394100004
195700547,2019-04-06,FALSE,-73.97940641699995,40.69539152700003
193939354,2019-02-23,FALSE,-73.93669005299995,40.81405056600005
197801426,2019-05-29,FALSE,-73.98359800899993,40.58795031200003
199325324,2019-07-05,FALSE,-73.88291686099996,40.67185501100005
206526480,2019-12-15,FALSE,-73.94749615699999,40.69407488400003
205974389,2019-12-03,FALSE,-73.88955581599998,40.84464334200004
201982887,2019-09-04,FALSE,-73.90952938099997,40.67119007600007
200155465,2019-07-23,FALSE,-73.95748999799997,40.70908739400005
194525841,2019-03-09,FALSE,-73.82521637499997,40.76810385400006
198760074,2019-06-20,FALSE,-73.93854223699998,40.623535065000056
206873688,2019-12-28,FALSE,-73.87342672099999,40.68428154800006
203348705,2019-10-06,FALSE,-73.94552436799995,40.640172009000025
204338717,2019-10-28,FALSE,-73.79997184399997,40.706388031000074
201573937,2019-08-23,FALSE,-73.91901728199997,40.80791877300004
202302188,2019-09-11,FALSE,-73.91795169699998,40.65549899200005
197381379,2019-05-19,FALSE,-73.98683547899998,40.712229008000065
205177554,2019-11-14,FALSE,-73.93614553099997,40.80925797900005
203676927,2019-10-12,FALSE,-73.98564864699995,40.76292445400003
199323631,2019-07-05,FALSE,-73.94109824099996,40.80093037300003
205437642,2019-11-20,TRUE,-73.91710967899996,40.83427221300008
196095817,2019-04-16,FALSE,-73.80448103199996,40.670494086000076
201141630,2019-08-14,TRUE,-73.88564701099995,40.68376185400007
198653292,2019-06-18,FALSE,-73.90410359499998,40.66646466200007
197660700,2019-05-26,FALSE,-73.92004510699996,40.64993678900004
194525846,2019-03-09,FALSE,-73.94140946199997,40.80025258300003
200656488,2019-08-03,TRUE,-73.89776906399999,40.83186604400004
197660693,2019-05-26,TRUE,-73.94113246799998,40.78673189800003
196145427,2019-04-17,FALSE,-73.98078254999996,40.712889645000075
191790873,2019-01-02,FALSE,-73.94445277199998,40.69817414000005
197254458,2019-05-15,FALSE,-73.90472771799995,40.85537769300004
204493622,2019-11-06,FALSE,-73.86688016399995,40.86970325500005
199786226,2019-07-15,FALSE,-73.90766103699997,40.661502264000035
199134405,2019-06-30,FALSE,-74.00539300399998,40.74347045500008
199134398,2019-06-28,FALSE,-73.91356336299998,40.671110834000046
196315235,2019-04-22,FALSE,-73.94501432899995,40.75627543400003
193267668,2019-02-06,FALSE,-73.92797416799993,40.67922608300006
201664631,2019-08-27,FALSE,-73.86804261899994,40.84145059700006
206196589,2019-12-08,FALSE,-73.83064118999994,40.88784211400008
195102365,2019-03-22,TRUE,-73.96398795599998,40.678954789000045
192455949,2019-01-17,FALSE,-73.89966639999994,40.85330389500007
201765788,2019-08-29,FALSE,-73.79770578099993,40.704336470000044
199467222,2019-07-08,FALSE,-73.88417430999993,40.85284199500006
202770950,2019-09-22,FALSE,-73.76598816099994,40.700315647000025
199742305,2019-07-13,FALSE,-73.94617553799998,40.78884506300005
201858654,2019-09-02,FALSE,-73.82004575599996,40.69761867900007
199046251,2019-06-27,FALSE,-73.92237572199997,40.85214118700003
200994115,2019-08-11,TRUE,-73.86725479999996,40.86858934000003
195013385,2019-03-21,FALSE,-73.87829385299995,40.660813449000045
200263248,2019-07-25,FALSE,-73.95883073299996,40.669900788000064
206824627,2019-12-23,FALSE,-73.90031840799998,40.84757900300008
203676931,2019-10-11,FALSE,-74.00123937099994,40.748954585000035
201875865,2019-09-02,FALSE,-73.86299798899995,40.88323554800007
201851566,2019-08-30,TRUE,-73.90447463599997,40.71193761100005
200365032,2019-07-28,FALSE,-73.91472118499996,40.83976812900005
206311808,2019-12-10,FALSE,-74.11191815299998,40.56539505300003
198255469,2019-06-09,FALSE,-73.90572447299996,40.86370044700004
196730309,2019-05-02,TRUE,-73.89037323199994,40.83112915700008
201613991,2019-08-26,TRUE,-73.75649442199995,40.672085081000034
195854769,2019-04-10,TRUE,-73.94237719699998,40.63780446800007
199741932,2019-07-14,TRUE,-73.93821424599997,40.81052442400005
193939357,2019-02-22,TRUE,-73.91261677899996,40.650702670000044
204294839,2019-10-25,FALSE,-73.80957751099999,40.58996484000005
203041432,2019-09-27,TRUE,-73.77246640899995,40.596462931000076
201291294,2019-08-16,FALSE,-73.88135010699995,40.66904549700007
200056614,2019-07-21,FALSE,-73.98120362499998,40.575573630000065
206729524,2019-12-19,TRUE,-73.92102913399998,40.66194314900008
197953469,2019-06-01,FALSE,-73.89665221699994,40.669167307000066
194226977,2019-03-02,FALSE,-73.79332768599994,40.67045812200007
198159773,2019-06-06,FALSE,-73.94685537799995,40.688154120000036
203083804,2019-09-30,TRUE,-73.94719977999995,40.799665264000055
200365037,2019-07-28,FALSE,-73.90332096899994,40.88311992000007
199325321,2019-07-05,FALSE,-73.94784771899998,40.80707632000008
204294847,2019-10-25,FALSE,-73.85484547899995,40.89866994400006
204458415,2019-11-02,FALSE,-73.94763400399995,40.78946330000008
195699914,2019-04-07,FALSE,-73.93645131899996,40.814366077000045
194677549,2019-03-13,TRUE,-74.10912122599996,40.591616128000055
203517392,2019-10-09,FALSE,-73.70659676099996,40.75353245800005
192834301,2019-01-25,FALSE,-73.93801220099994,40.70164572700003
200209682,2019-07-24,FALSE,-73.81941282399998,40.79149108400003
202562770,2019-09-17,FALSE,-73.91717287899996,40.82414425700006
200408148,2019-07-29,FALSE,-73.88508408799999,40.85140742400006
200839849,2019-07-07,FALSE,-73.81585419699996,40.70059287300006
204971620,2019-11-10,FALSE,-73.94546506699999,40.66423549600006
202139996,2019-09-06,FALSE,-73.93511008699994,40.67081759000007
193118591,2019-02-03,TRUE,-73.87648084299997,40.748424502000034
201573941,2019-08-25,FALSE,-73.99873015699995,40.60588050000007
197654797,2019-05-24,FALSE,-73.84625102199993,40.87047906600003
192049864,2019-01-08,FALSE,-73.92011671699998,40.66838451700005
205280612,2019-11-16,TRUE,-73.95861337799994,40.689048255000046
202457204,2019-09-13,FALSE,-73.90447465599993,40.82518840900008
197381383,2019-05-18,FALSE,-73.88494631099996,40.64894086900006
194817575,2019-03-16,TRUE,-73.94983678099999,40.69854441100006
202457206,2019-09-15,FALSE,-73.86818046599996,40.82295411300004
205599330,2019-11-23,FALSE,-73.91220873599997,40.645844089000036
198900606,2019-06-24,FALSE,-73.89203291499996,40.817116189000046
193517125,2019-02-12,TRUE,-73.82696399999998,40.69433830500003
197700947,2019-05-28,FALSE,-73.93623234699999,40.82044551200005
206847122,2019-12-26,FALSE,-73.92389526399995,40.75300814800005
203041423,2019-09-27,FALSE,-73.89625447799995,40.66762987300007
198858231,2019-06-23,FALSE,-73.91398933899995,40.82998817300006
197200331,2019-05-14,FALSE,-73.92425384299997,40.86300322100004
197662446,2019-05-26,FALSE,-73.88779253999996,40.66649382600008
192834302,2019-01-27,FALSE,-73.77985358499996,40.68329518400003
193118593,2019-02-02,FALSE,-73.79637672499996,40.68957272600005
195700548,2019-04-07,FALSE,-73.74078877299996,40.663440362000074
201858653,2019-09-02,FALSE,-73.955372514999965,40.63935281700003
195303946,2019-03-28,FALSE,-73.92546794099997,40.74744008000005
203676928,2019-10-12,TRUE,-73.93042172099996,40.676216571000055
195396615,2019-03-30,FALSE,-73.96172317299994,40.65495097100006
197850586,2019-05-30,FALSE,-73.92453001199993,40.65149336800005
199174260,2019-07-01,FALSE,-73.93728755699993,40.843216237000036
191997175,2019-01-08,FALSE,-73.90657156199995,40.829460906000065
200994113,2019-08-10,FALSE,-73.92115225499998,40.81698058400008
198255465,2019-06-08,FALSE,-73.95826373099999,40.683091974000035
202770947,2019-09-22,FALSE,-73.83880601299995,40.816894869000066
199752462,2019-07-15,FALSE,-73.93305619799997,40.79923248600005
204458420,2019-11-02,TRUE,-73.94072361899998,40.710548430000074
199325325,2019-07-05,FALSE,-73.88831133599996,40.834571796000034
194324355,2019-03-05,TRUE,-73.76501976899993,40.66502949200003
197953466,2019-06-01,FALSE,-73.90439441599995,40.83576922100008
199403139,2019-07-07,FALSE,-74.12043775599994,40.63544471700004
200725654,2019-08-05,FALSE,-73.92532965699996,40.67117671300008
206843363,2019-12-25,FALSE,-73.94787054699998,40.70412913900003
204154391,2019-10-23,FALSE,-74.00539300399998,40.74347045500008
198171739,2019-06-07,FALSE,-73.85042595199997,40.869408631000056
201573944,2019-08-24,FALSE,-73.79779584499994,40.69129071300006
200365028,2019-07-26,FALSE,-73.94866132899995,40.68419972300006
205862275,2019-12-01,FALSE,-73.94260579999997,40.75742705300007
192301916,2019-01-14,FALSE,-73.87964026499998,40.667698779000034
203041427,2019-09-27,FALSE,-73.75907037999997,40.59368532700006
197953464,2019-06-01,TRUE,-73.91299361299997,40.682300858000076
202457202,2019-09-15,FALSE,-73.93760473699996,40.821025398000074
201765787,2019-08-30,FALSE,-73.80035253199998,40.69368587800005
201291291,2019-08-16,FALSE,-73.96491761499993,40.796444217000044
194859637,2019-03-18,FALSE,-73.94075321199995,40.79494394100004
201034738,2019-08-12,FALSE,-73.89809461399994,40.661774156000035
204971625,2019-11-10,TRUE,-73.92700768599997,40.62016320400005
191951587,2019-01-05,FALSE,-73.93357626599999,40.759450567000044
202804358,2019-09-23,FALSE,-73.95820727299997,40.64085528000004
193160952,2019-02-04,TRUE,-74.00037223199996,40.57916262500004
195203576,2019-03-26,FALSE,-73.96445548499997,40.68113428400005
198457971,2019-06-13,FALSE,-73.97439044799995,40.69471530800007
197662447,2019-05-26,FALSE,-73.87384899899996,40.68596455800008
199247701,2019-07-03,FALSE,-73.94342324599995,40.755443005000075
200725652,2019-08-05,FALSE,-73.88077326199993,40.84252117200003
200995687,2019-08-11,FALSE,-73.79612414799993,40.68844691900006
201291290,2019-08-16,TRUE,-73.89131055799999,40.865658464000035
194626070,2019-03-12,FALSE,-73.87405122799998,40.66671016400005
199742311,2019-07-14,FALSE,-73.92284026399994,40.663569288000076
192545751,2019-01-20,FALSE,-73.89332824199994,40.820411060000026
205280615,2019-11-17,TRUE,-73.86762631099998,40.816366145000075
204971624,2019-11-10,FALSE,-73.92766355499998,40.86587636400003
204464564,2019-11-04,TRUE,-73.91375915499998,40.82079045300003
196582020,2019-04-29,FALSE,-73.92319851599996,40.84079511700003
199401908,2019-07-05,FALSE,-73.88766070399998,40.815402050000046
196195743,2019-04-18,FALSE,-73.98279048099994,40.71774270100008
201436771,2019-08-21,FALSE,-73.86666264199994,40.855567790000066
199247701,2019-07-03,FALSE,-73.94342324599995,40.755443005000075
193694861,2019-02-16,FALSE,-73.88867234499997,40.87150490000005
198255459,2019-06-08,TRUE,-73.93851306099998,40.838998278000076
200408147,2019-07-29,FALSE,-73.89992047999993,40.82377925000003
206526479,2019-12-15,FALSE,-73.95276183299995,40.805036364000046
200331333,2019-07-27,TRUE,-73.90075779799997,40.657236613000066
193418291,2019-02-10,FALSE,-73.90443726899997,40.82857810400003
199637606,2019-07-11,TRUE,-73.89940208399997,40.85837313300004
195743584,2019-04-08,FALSE,-74.12360937499994,40.63404425200008
201858653,2019-09-02,FALSE,-73.955372514999965,40.63935281700003
202139599,2019-09-06,TRUE,-73.91253013099998,40.69205542900005
205862271,2019-12-01,FALSE,-74.17683949599996,40.54059638700005
200209681,2019-07-24,FALSE,-73.94127786699994,40.67919247000003
200856233,2019-08-08,FALSE,-74.16943934199998,40.635920928000075
199742309,2019-07-13,FALSE,-73.89264894999997,40.84507992600004
203211776,2019-10-03,TRUE,-73.93764097999997,40.84018352500004
205748546,2019-11-27,FALSE,-73.91857061799993,40.81869973000005
196000891,2019-04-14,TRUE,-73.95358253499995,40.81950961800004
193779318,2019-02-19,FALSE,-73.92476772999999,40.67718191900008
198255461,2019-06-07,FALSE,-73.94543815999998,40.68831814300006
204464564,2019-11-04,FALSE,-73.91375915499998,40.82079045300003
203350417,2019-10-06,FALSE,-73.96007501899999,40.674885741000026
200994115,2019-08-11,TRUE,-73.86725479999996,40.86858934000003
202356981,2019-09-12,FALSE,-73.92546530099997,40.665926040000045
206874854,2019-12-28,FALSE,-74.16084527699996,40.626570780000065
204294840,2019-10-26,TRUE,-73.78467642099997,40.683729750000055
206875589,2019-12-30,FALSE,-73.91936988499998,40.68681516500004
200056615,2019-07-20,FALSE,-73.91039019299996,40.75493348100008
197691091,2019-05-27,TRUE,-73.86661702199996,40.665609361000065
205748548,2019-11-27,FALSE,-73.89294648299995,40.82414626900004
203041432,2019-09-27,FALSE,-73.77246640899995,40.596462931000076
192545749,2019-01-19,FALSE,-73.83449783599997,40.77110109700004
197660697,2019-05-25,FALSE,-73.80807989899995,40.58989372800005
192259534,2019-01-11,FALSE,-73.90925838899994,40.84652967000005
206832369,2019-12-23,FALSE,-73.99842465499995,40.57978019500007
197016008,2019-05-09,FALSE,-74.00537012399997,40.728250797000044
194915415,2019-03-19,TRUE,-73.88084420599995,40.665699086000075
201664630,2019-08-27,FALSE,-73.78726915499993,40.682499421000045
198055667,2019-06-04,FALSE,-73.89339456699997,40.86922302700003
198552996,2019-06-14,FALSE,-73.91655562999995,40.843831641000065
195397264,2019-03-31,FALSE,-73.92771191299994,40.81141035200005
192974875,2019-01-30,FALSE,-73.92954547499994,40.86409622000008
193939358,2019-02-22,FALSE,-73.76021875499998,40.59977297000006
201483470,2019-08-22,FALSE,-73.98307939999995,40.73066780900007
198857665,2019-06-21,FALSE,-73.92313070199998,40.80877794300005
195102368,2019-03-22,FALSE,-73.89368292099994,40.84264632600008
194570529,2019-03-11,FALSE,-73.93895197599994,40.68756556300008
202807633,2019-09-23,FALSE,-73.90311219699998,40.870041281000056
198948496,2019-06-25,FALSE,-73.91820160899994,40.680948759000046
203676928,2019-10-12,FALSE,-73.93042172099996,40.676216571000055
203676928,2019-10-12,FALSE,-73.93042172099996,40.676216571000055
192258908,2019-01-13,FALSE,-73.75876034299995,40.69744341100005
191949900,2019-01-06,FALSE,-73.89286725999995,40.82173633200006
193162778,2019-02-04,FALSE,-73.94728636499997,40.813474015000054
200680424,2019-08-04,FALSE,-73.91469332599996,40.66983535600008
197534775,2019-05-23,FALSE,-73.88932531599994,40.83763587300007
194032590,2019-02-26,FALSE,-73.98152360899996,40.57699549000006
192978312,2019-01-31,TRUE,-73.94294803999998,40.83406831000008
206032524,2019-12-04,FALSE,-73.88615590799998,40.738374951000026
198295765,2019-06-10,FALSE,-73.91851337199995,40.69431327700005
196276903,2019-04-19,FALSE,-73.74979967899998,40.68947265200006
196414298,2019-04-24,FALSE,-73.91030606099997,40.83886177100004
199134400,2019-06-28,FALSE,-73.86555105999997,40.73843508200008
200056608,2019-07-19,FALSE,-73.90490886099997,40.827285732000064
195799804,2019-04-09,FALSE,-73.86723053699995,40.76122121100008
201852752,2019-08-31,FALSE,-73.93456684899996,40.68807093600003
206367551,2019-12-06,FALSE,-73.84836422499995,40.885618856000065
199526931,2019-07-09,FALSE,-73.93191334299996,40.76187046200005
203348699,2019-10-04,FALSE,-73.86663818999995,40.83350852400008
197293452,2019-05-16,FALSE,-73.86778566699996,40.88708918800006
198405079,2019-06-12,FALSE,-73.94124921699995,40.59712056600006
205748550,2019-11-27,FALSE,-73.82694879599995,40.83079891400007
204434559,2019-10-31,TRUE,-73.90952141999998,40.69034585500003
201982886,2019-09-04,FALSE,-73.91569835799999,40.82441491600008
197997725,2019-06-03,FALSE,-73.88409879299996,40.655538482000054
200365033,2019-07-27,FALSE,-73.86733253799997,40.66470166600004
200331333,2019-07-27,FALSE,-73.90075779799997,40.657236613000066
193267668,2019-02-06,FALSE,-73.92797416799993,40.67922608300006
202770945,2019-09-22,TRUE,-73.91252947799995,40.82449489700008
196000888,2019-04-14,FALSE,-73.91572748899995,40.67016823600005
203883813,2019-10-17,FALSE,-73.74867718699994,40.65818237800005
197475508,2019-05-21,FALSE,-73.95797590799998,40.67066627200006
194817576,2019-03-17,FALSE,-73.84996813899994,40.88322209000006
197660693,2019-05-26,FALSE,-73.94113246799998,40.78673189800003
201291297,2019-08-18,TRUE,-73.86450258499997,40.81572025100007
203042901,2019-09-27,FALSE,-73.87442765599997,40.671634710000035
199247701,2019-07-03,FALSE,-73.94342324599995,40.755443005000075
197665544,2019-05-27,FALSE,-73.75409174199996,40.70092214400006
199134399,2019-06-30,TRUE,-73.90126678999997,40.81254626700007
204434560,2019-10-31,FALSE,-73.89629841699997,40.86890454400003
198858231,2019-06-23,FALSE,-73.91398933899995,40.82998817300006
192545414,2019-01-19,TRUE,-73.93979270399996,40.71887006600008
206838693,2019-12-24,FALSE,-73.92412169499994,40.66829116100007
195102366,2019-03-22,FALSE,-73.90240468499996,40.82736872600003
204434561,2019-10-31,FALSE,-73.90452830099997,40.82305580800005
197200331,2019-05-14,FALSE,-73.92425384299997,40.86300322100004
194817571,2019-03-17,FALSE,-73.93752941099996,40.79734936800003
192301916,2019-01-14,FALSE,-73.87964026499998,40.667698779000034
192834303,2019-01-26,FALSE,-73.91356336299998,40.671110834000046
204294843,2019-10-26,FALSE,-73.87074095399998,40.684069959000055
198858228,2019-06-22,TRUE,-73.93934673599995,40.717376682000065
204493625,2019-11-06,FALSE,-73.99470257699994,40.667056208000076
195604250,2019-04-04,FALSE,-73.92609165799996,40.656929053000056
195396616,2019-03-31,FALSE,-73.88637599799995,40.66221332200007
192059857,2019-01-09,TRUE,-73.85329388199995,40.88055303600004
198998742,2019-06-26,FALSE,-73.91039019299996,40.75493348100008
203676928,2019-10-12,FALSE,-73.93042172099996,40.676216571000055
205124101,2019-11-13,FALSE,-73.88941816399995,40.63827077700006
197293452,2019-05-16,FALSE,-73.86778566699996,40.88708918800006
205065107,2019-11-12,FALSE,-73.91717287899996,40.82414425700006
198255468,2019-06-09,FALSE,-73.79387084199993,40.696501571000056
201089980,2019-08-13,FALSE,-73.91011107099996,40.84676363700004
202855057,2019-09-24,FALSE,-73.95177405399994,40.65775788800005
200656489,2019-08-03,TRUE,-73.92169917899997,40.852645755000026
197660699,2019-05-26,FALSE,-73.92834966199996,40.66865618300005
195907494,2019-04-11,FALSE,-73.93844143899997,40.822664445000044
197700946,2019-05-28,FALSE,-73.94274857999994,40.79708858400005
193939353,2019-02-22,FALSE,-73.90342577999996,40.848308994000035
196315233,2019-04-22,FALSE,-73.90352217399999,40.82670544500007
196364279,2019-04-23,FALSE,-74.17125230499994,40.638984176000065
191851037,2019-01-03,FALSE,-73.85456914199995,40.87121719400005
197654796,2019-05-24,FALSE,-73.91795806799996,40.83202215400007
194324354,2019-03-05,FALSE,-73.91383171199993,40.84009408900005
206195057,2019-12-07,FALSE,-73.92313070199998,40.80877794300005
203980164,2019-10-18,TRUE,-73.94106415099998,40.81087724100007
194527594,2019-03-09,FALSE,-73.85112867499998,40.67987145200004
197953468,2019-06-02,TRUE,-73.86609385299994,40.67124653400003
199844336,2019-07-16,FALSE,-73.94274857999994,40.79708858400005
197254458,2019-05-15,FALSE,-73.90472771799995,40.85537769300004
198171739,2019-06-07,TRUE,-73.85042595199997,40.869408631000056
193267668,2019-02-06,TRUE,-73.92797416799993,40.67922608300006
204138620,2019-10-23,TRUE,-73.77997803999995,40.67617271100005
195699915,2019-04-07,FALSE,-73.87545147199995,40.735330916000066
199134404,2019-06-30,FALSE,-74.08164662399997,40.62530661100004
205748549,2019-11-27,FALSE,-73.77514474599997,40.67259514700004
199467222,2019-07-08,FALSE,-73.88417430999993,40.85284199500006
203348704,2019-10-05,FALSE,-73.91550779499994,40.80091171200007
201851567,2019-08-31,FALSE,-74.00666069199997,40.64518571800005
198760075,2019-06-20,FALSE,-73.87167482899997,40.67281467300006
204340073,2019-10-28,FALSE,-73.91132866299995,40.83626606400003
206874852,2019-12-29,FALSE,-73.95718142799996,40.67286180100007
201573937,2019-08-23,FALSE,-73.91901728199997,40.80791877300004
200272477,2019-07-26,TRUE,-73.90065131699998,40.675494798000045
202302189,2019-09-11,TRUE,-73.92363809599993,40.67508142100007
202770948,2019-09-21,FALSE,-73.94846436099994,40.64047529100003
206873498,2019-12-27,FALSE,-73.90764006599994,40.66883904500003
193517125,2019-02-12,FALSE,-73.82696399999998,40.69433830500003
203676932,2019-10-13,FALSE,-73.93280818499994,40.69426487000004
197381384,2019-05-18,FALSE,-73.90303019599997,40.84940928900005
205599330,2019-11-23,FALSE,-73.91220873599997,40.645844089000036
206316192,2019-12-11,TRUE,-73.98988266699996,40.57503125100004
198900607,2019-06-24,FALSE,-73.99407278899997,40.574301425000044
198705941,2019-06-19,FALSE,-73.91807268799994,40.67436669500006
201384510,2019-08-20,TRUE,-73.98605562899996,40.57767409600007
204458419,2019-11-02,FALSE,-73.85069487599998,40.88007212500003
202804358,2019-09-23,FALSE,-73.95820727299997,40.64085528000004
203041423,2019-09-27,FALSE,-73.89625447799995,40.66762987300007
199401908,2019-07-05,FALSE,-73.88766070399998,40.815402050000046
197850804,2019-05-30,FALSE,-73.91216969999994,40.84796466000006
200725654,2019-08-05,FALSE,-73.92532965699996,40.67117671300008
199052835,2019-06-28,TRUE,-73.90913931099993,40.83315459900007
204971624,2019-11-10,FALSE,-73.92766355499998,40.86587636400003
200995688,2019-08-10,FALSE,-73.93927980499996,40.64433272300005
200263247,2019-07-25,FALSE,-73.75420823699994,40.69182345000007
201575313,2019-08-25,FALSE,-73.98652245599999,40.583388831000036
199325322,2019-07-05,FALSE,-73.93284095299998,40.665313006000076
205862276,2019-12-01,FALSE,-73.92313972699998,40.678959457000076
202770950,2019-09-22,FALSE,-73.76598816099994,40.700315647000025
204294847,2019-10-25,FALSE,-73.85484547899995,40.89866994400006
194525841,2019-03-09,FALSE,-73.82521637499997,40.76810385400006
192834300,2019-01-26,TRUE,-73.91464546899994,40.68751442000007
191995443,2019-01-07,TRUE,-73.87989381599994,40.84118358500007
195013387,2019-03-21,FALSE,-73.92364455999996,40.81428694400006
195743581,2019-04-08,TRUE,-73.87854005699995,40.74928579900006
204480329,2019-11-05,FALSE,-73.98373278599996,40.69980031700004
193118595,2019-01-07,FALSE,-73.81733103899995,40.72758178300006
193118589,2019-02-03,TRUE,-73.93023512999997,40.64091307700005
195396612,2019-03-30,FALSE,-73.77623390699995,40.67998073800004
197381377,2019-05-18,FALSE,-73.94855204399994,40.79781318400006
202139998,2019-09-07,FALSE,-73.95588109399995,40.812950638000075
199174261,2019-07-01,FALSE,-73.88759088499995,40.846043990000055
205280238,2019-11-15,TRUE,-73.91792586299994,40.849341252000045
199744074,2019-07-14,FALSE,-73.92609516299996,40.68304561800005
198255463,2019-06-08,FALSE,-73.95796900499994,40.68162066800005
201141629,2019-08-14,FALSE,-73.93172454799998,40.696018140000035
193462347,2019-02-11,FALSE,-73.86776429099996,40.67601065700006
193939356,2019-02-22,FALSE,-73.83432429699997,40.753784232000044
196680983,2019-05-02,FALSE,-73.90529753999994,40.85885021100006
196193413,2019-04-18,FALSE,-73.91569614099996,40.74630799500005
197692916,2019-05-27,TRUE,-73.89463443299996,40.835181583000065
199728579,2019-07-13,TRUE,-73.97813591099998,40.72081329800005
203980165,2019-10-19,FALSE,-73.80782521099997,40.70466945900006
197953465,2019-06-01,FALSE,-73.93138385999998,40.66613283600003
194226976,2019-03-02,FALSE,-73.88181102299995,40.67135982000008
199403138,2019-07-06,FALSE,-73.95106232399996,40.79766057200004
206821819,2019-12-20,FALSE,-73.86712799899993,40.87233570600006
198107752,2019-06-05,FALSE,-73.91647725199994,40.80550434700007
193267668,2019-02-06,TRUE,-73.92797416799993,40.67922608300006
206681438,2019-12-18,FALSE,-73.94436716399997,40.80941319900006
206311359,2019-12-10,TRUE,-74.08204929199997,40.61879293100003
197662446,2019-05-26,FALSE,-73.88779253999996,40.66649382600008
201851562,2019-08-30,FALSE,-73.87342672099999,40.68428154800006
200331333,2019-07-27,TRUE,-73.90075779799997,40.657236613000066
196000888,2019-04-14,FALSE,-73.91572748899995,40.67016823600005
203394881,2019-10-07,FALSE,-73.99842465499995,40.57978019500007
200465329,2019-07-30,FALSE,-73.78134910699998,40.678036287000054
201573940,2019-08-24,FALSE,-73.98900890899995,40.722294274000035
203148056,2019-10-01,TRUE,-73.79572395699995,40.699021834000064
201858654,2019-09-02,TRUE,-73.82004575599996,40.69761867900007
199742305,2019-07-13,FALSE,-73.94617553799998,40.78884506300005
196095816,2019-04-16,FALSE,-73.93609107899994,40.76062674100007
200994119,2019-08-11,FALSE,-73.99212733199994,40.74095063100003
199742311,2019-07-14,FALSE,-73.92284026399994,40.663569288000076
199314080,2019-07-04,FALSE,-73.94524900899995,40.63762471600006
198255459,2019-06-08,TRUE,-73.93851306099998,40.838998278000076
202458696,2019-09-13,FALSE,-73.94909593099999,40.68639573400003
196195745,2019-04-18,FALSE,-73.94876499799994,40.79330094300008
205437642,2019-11-20,FALSE,-73.91710967899996,40.83427221300008
193694862,2019-02-17,FALSE,-73.91847906599997,40.63093901600007
