date,victim_address
1962-06-14,"Anna Slesers of 77 Gainsborough St., Boston"
1962-06-28,"Mary Mullen of 1435 Commonwealth Ave., Boston"
1962-06-30,"Nina Nichols of 1940 Commonwealth Ave., Boston"
1962-06-30,"Helen Blake of 73 Newhall St., Lynn"
1962-08-19,"Ida Irga of 7 Grove St., Boston"
1962-08-21,"Jane Sullivan of 435 Columbia Road, Boston"
1962-12-05,"Sophie Clark of 315 Huntington Ave., Boston"
1962-12-31,"Patricia Bissette of 515 Park Drive, Boston"
1963-03-06,"Mary Brown of 319 Park Ave., Lawrence"
1963-05-06,"Beverly Samans of 4 University Road, Cambridge"
1963-09-08,"Evelyn Corbin of 224 Lafayette St., Salem"
1963-11-23,"Joann Graff of 54 Essex St., Lawrence"
1964-01-04,"Mary Sullivan of 44-A Charles St., Boston"
