uid,offense_type,date_time,longitude,latitude
19943899,personal robbery,2019-01-01T18:50:00Z,-122.402066,37.788721
19944003,personal robbery,2019-01-02T07:00:00Z,-122.40849300000001,37.784453
19944217,personal robbery,2019-01-02T23:30:00Z,-122.389989,37.75527
19944258,personal robbery,2019-01-03T02:13:00Z,-122.421008,37.783824
19944290,personal robbery,2019-01-03T08:30:00Z,-122.472322,37.721624
19944291,personal robbery,2019-01-03T08:30:00Z,-122.472322,37.721624
19944294,personal robbery,2019-01-03T08:30:00Z,-122.472322,37.721624
19944810,personal robbery,2019-01-05T01:23:00Z,-122.413769,37.774516
19945086,personal robbery,2019-01-06T00:00:00Z,-122.397932,37.787036
19945132,personal robbery,2019-01-06T09:22:00Z,-122.407337,37.78456
19945580,personal robbery,2019-01-08T11:00:00Z,-122.403636,37.775161
19945707,personal robbery,2019-01-08T18:20:00Z,-122.411766,37.804896
19945709,personal robbery,2019-01-08T18:20:00Z,-122.411766,37.804896
19945724,personal robbery,2019-01-08T18:51:00Z,-122.426565,37.802998
19945731,personal robbery,2019-01-08T19:12:00Z,-122.447466,37.79939
19945739,personal robbery,2019-01-08T19:25:00Z,-122.436747,37.786601
19945915,personal robbery,2019-01-09T12:40:00Z,-122.415694,37.782585
19945966,personal robbery,2019-01-09T15:45:00Z,-122.420255,37.780576
19946010,personal robbery,2019-01-09T18:30:00Z,-122.387167,37.731857
19946196,personal robbery,2019-01-10T14:34:00Z,-122.43948,37.783308
19946225,personal robbery,2019-01-10T16:00:00Z,-122.437633,37.782663
19946250,personal robbery,2019-01-10T17:15:00Z,-122.421008,37.783824
19946746,personal robbery,2019-01-12T15:10:00Z,-122.509895,37.771396
19946897,personal robbery,2019-01-13T01:15:00Z,-122.413866,37.781863
19946908,personal robbery,2019-01-13T02:05:00Z,-122.413669,37.748255
19946941,personal robbery,2019-01-13T09:11:00Z,-122.409923,37.777553
19947288,personal robbery,2019-01-14T14:47:00Z,-122.419513,37.763429
19947289,personal robbery,2019-01-14T14:47:00Z,-122.419513,37.763429
19947384,personal robbery,2019-01-14T19:57:00Z,-122.429783,37.785564
19947394,personal robbery,2019-01-14T20:55:00Z,-122.429783,37.785564
19947432,personal robbery,2019-01-15T00:00:00Z,-122.459005,37.711387
19947660,personal robbery,2019-01-15T20:45:00Z,-122.396626,37.722626
19947667,personal robbery,2019-01-15T22:00:00Z,-122.415005,37.795877
19947705,personal robbery,2019-01-16T06:12:00Z,-122.480498,37.750321
19947707,personal robbery,2019-01-16T06:12:00Z,-122.41437,37.713247
19948070,personal robbery,2019-01-17T14:37:00Z,-122.415883,37.783516
19948358,personal robbery,2019-01-18T18:00:00Z,-122.387167,37.731857
19948415,personal robbery,2019-01-18T20:55:00Z,-122.402577,37.717254
19948432,personal robbery,2019-01-18T21:59:00Z,-122.40742,37.764488
19948485,personal robbery,2019-01-19T01:00:00Z,-122.420883,37.799902
19948709,personal robbery,2019-01-19T18:27:00Z,-122.469271,37.708662
19948954,personal robbery,2019-01-20T17:50:00Z,-122.443256,37.715042
19948971,personal robbery,2019-01-20T20:00:00Z,-122.420883,37.799902
19948978,personal robbery,2019-01-20T20:30:00Z,-122.416138,37.780615
19949082,personal robbery,2019-01-21T09:35:00Z,-122.406896,37.749717
19949329,personal robbery,2019-01-22T00:08:00Z,-122.417529,37.783311
19949462,personal robbery,2019-01-22T14:13:00Z,-122.392418,37.71974
19949473,personal robbery,2019-01-22T14:50:00Z,-122.407727,37.793178
19949474,personal robbery,2019-01-22T14:50:00Z,-122.407727,37.793178
19949716,personal robbery,2019-01-23T12:32:00Z,-122.402061,37.72392
19949788,personal robbery,2019-01-23T17:15:00Z,-122.407727,37.793178
19949978,personal robbery,2019-01-24T14:43:00Z,-122.475504,37.786181
19950042,personal robbery,2019-01-24T18:50:00Z,-122.412158,37.776661
19950060,personal robbery,2019-01-24T20:00:00Z,-122.409693,37.781754
19950140,personal robbery,2019-01-25T02:30:00Z,-122.433904,37.760955
19950194,personal robbery,2019-01-25T09:33:00Z,-122.419669,37.765051
19950201,personal robbery,2019-01-25T09:55:00Z,-122.412225,37.773285
19950339,personal robbery,2019-01-25T18:27:00Z,-122.42262,37.772503
19950474,personal robbery,2019-01-26T03:00:00Z,-122.411933,37.780006
19950568,personal robbery,2019-01-26T14:00:00Z,-122.465391,37.721674
19950684,personal robbery,2019-01-26T22:30:00Z,-122.419577,37.80678
19950729,personal robbery,2019-01-27T03:55:00Z,-122.407896,37.802203
19950859,personal robbery,2019-01-27T16:00:00Z,-122.410207,37.800315
19950943,personal robbery,2019-01-27T22:25:00Z,-122.438355,37.723645
19951155,personal robbery,2019-01-28T19:30:00Z,-122.394093,37.736729
19951374,personal robbery,2019-01-29T17:05:00Z,-122.42262,37.772503
19951902,personal robbery,2019-01-31T14:26:00Z,-122.38976,37.744673
19951908,personal robbery,2019-01-31T14:50:00Z,-122.414741,37.778719
19951962,personal robbery,2019-01-31T18:00:00Z,-122.445821,37.782488
19952110,personal robbery,2019-02-01T06:55:00Z,-122.403034,37.721023
19952358,personal robbery,2019-02-01T21:45:00Z,-122.417332,37.763572
19952433,personal robbery,2019-02-02T02:15:00Z,-122.410292,37.782231
19952450,personal robbery,2019-02-02T06:40:00Z,-122.40353,37.7777
19952925,personal robbery,2019-02-03T22:40:00Z,-122.400468,37.78503
19952943,personal robbery,2019-02-04T00:00:00Z,-122.423498,37.787805
19952972,personal robbery,2019-02-04T04:45:00Z,-122.417707,37.784236
19952973,personal robbery,2019-02-04T04:45:00Z,-122.417901,37.785167
19952980,personal robbery,2019-02-04T06:20:00Z,-122.400736,37.720409
19953089,personal robbery,2019-02-04T16:20:00Z,-122.41022,37.754341
19953305,personal robbery,2019-02-05T13:00:00Z,-122.477374,37.782361
19953510,personal robbery,2019-02-06T08:20:00Z,-122.389601,37.73229
19953682,personal robbery,2019-02-06T20:46:00Z,-122.408007,37.769244
19953685,personal robbery,2019-02-06T20:46:00Z,-122.408007,37.769244
19953687,personal robbery,2019-02-06T20:46:00Z,-122.408007,37.769244
19953839,personal robbery,2019-02-07T14:50:00Z,-122.429659,37.751571
19953983,personal robbery,2019-02-08T02:00:00Z,-122.419739,37.785893
19954083,personal robbery,2019-02-08T12:00:00Z,-122.413893,37.714315
19954341,personal robbery,2019-02-09T11:45:00Z,-122.427914,37.776254
19954379,personal robbery,2019-02-09T14:00:00Z,-122.392119,37.784205
19954389,personal robbery,2019-02-09T14:34:00Z,-122.412158,37.776661
19954404,personal robbery,2019-02-09T15:49:00Z,-122.419018,37.752204
19954755,personal robbery,2019-02-10T18:44:00Z,-122.392119,37.784205
19954769,personal robbery,2019-02-10T19:20:00Z,-122.413105,37.765448
19954788,personal robbery,2019-02-10T21:30:00Z,-122.408036,37.78641
19954832,personal robbery,2019-02-11T03:30:00Z,-122.504228,37.736182
19954905,personal robbery,2019-02-11T12:16:00Z,-122.42643,37.785062
19954994,personal robbery,2019-02-11T19:20:00Z,-122.404933,37.7815
19955267,personal robbery,2019-02-12T19:19:00Z,-122.42081,37.782417
19955463,personal robbery,2019-02-13T17:00:00Z,-122.408516,37.77376
19955504,personal robbery,2019-02-13T19:00:00Z,-122.407255,37.782119
19955604,personal robbery,2019-02-14T05:32:00Z,-122.395577,37.774031
19955773,personal robbery,2019-02-14T23:00:00Z,-122.409693,37.781754
19955900,personal robbery,2019-02-15T12:34:00Z,-122.431294,37.72873
19955914,personal robbery,2019-02-15T13:30:00Z,-122.403921,37.780699
19956818,personal robbery,2019-02-18T21:09:00Z,-122.471749,37.748836
19956857,personal robbery,2019-02-18T23:20:00Z,-122.426514,37.794398
19956966,personal robbery,2019-02-19T13:15:00Z,-122.413148,37.780994
19957151,personal robbery,2019-02-20T03:01:00Z,-122.43065,37.761954
19957997,personal robbery,2019-02-22T20:50:00Z,-122.425814,37.799276
19958024,personal robbery,2019-02-22T22:30:00Z,-122.416872,37.758764
19958228,personal robbery,2019-02-23T19:00:00Z,-122.395405,37.722752
19958316,personal robbery,2019-02-24T01:30:00Z,-122.417506,37.753902
19958318,personal robbery,2019-02-24T02:10:00Z,-122.420307,37.788699
19958530,personal robbery,2019-02-25T01:21:00Z,-122.411015,37.729688
19958531,personal robbery,2019-02-25T01:21:00Z,-122.411015,37.729688
19958532,personal robbery,2019-02-25T01:50:00Z,-122.407337,37.78456
19958640,personal robbery,2019-02-25T13:00:00Z,-122.40849300000001,37.784453
19958788,personal robbery,2019-02-25T21:30:00Z,-122.404345,37.733144
19958795,personal robbery,2019-02-25T22:10:00Z,-122.413188,37.795198
19958806,personal robbery,2019-02-25T23:00:00Z,-122.40149,37.785829
19958823,personal robbery,2019-02-26T02:10:00Z,-122.413487,37.779992
19958992,personal robbery,2019-02-26T20:45:00Z,-122.419513,37.763429
19959021,personal robbery,2019-02-27T00:00:00Z,-122.421662,37.762579
19959036,personal robbery,2019-02-27T02:00:00Z,-122.409931,37.787429
19959122,personal robbery,2019-02-27T13:20:00Z,-122.439089,37.772922
19959305,personal robbery,2019-02-28T03:00:00Z,-122.419669,37.765051
19959338,personal robbery,2019-02-28T08:00:00Z,-122.421662,37.762579
19959572,personal robbery,2019-02-28T23:02:00Z,-122.421018,37.784303
19959657,personal robbery,2019-03-01T09:18:00Z,-122.419513,37.763429
19960137,personal robbery,2019-03-03T01:10:00Z,-122.415802,37.808214
19960150,personal robbery,2019-03-03T02:00:00Z,-122.405838,37.742392
19960151,personal robbery,2019-03-03T02:00:00Z,-122.423982,37.798552
19960184,personal robbery,2019-03-03T08:00:00Z,-122.391268,37.739853
19960270,personal robbery,2019-03-03T14:57:00Z,-122.41626,37.785376
19960469,personal robbery,2019-03-04T15:25:00Z,-122.406024,37.800835
19960949,personal robbery,2019-03-06T15:41:00Z,-122.427779,37.783925
19961078,personal robbery,2019-03-07T07:40:00Z,-122.41003,37.804633
19961105,personal robbery,2019-03-07T10:35:00Z,-122.391521,37.732432
19961146,personal robbery,2019-03-07T12:15:00Z,-122.415694,37.782585
19961294,personal robbery,2019-03-07T21:00:00Z,-122.419476,37.763051
19961324,personal robbery,2019-03-08T00:15:00Z,-122.407449,37.754506
19961325,personal robbery,2019-03-08T00:15:00Z,-122.419206,37.760235
19961358,personal robbery,2019-03-08T07:11:00Z,-122.463226,37.758562
19961411,personal robbery,2019-03-08T11:00:00Z,-122.40849300000001,37.784453
19961422,personal robbery,2019-03-08T11:45:00Z,-122.485988,37.751951
19961425,personal robbery,2019-03-08T11:45:00Z,-122.485988,37.751951
19961608,personal robbery,2019-03-08T22:37:00Z,-122.419492,37.74406
19961642,personal robbery,2019-03-09T02:00:00Z,-122.408639,37.709844
19961653,personal robbery,2019-03-09T02:25:00Z,-122.419053,37.758633
19961657,personal robbery,2019-03-09T02:38:00Z,-122.391434,37.773467
19961788,personal robbery,2019-03-09T19:00:00Z,-122.408245,37.803926
19962595,personal robbery,2019-03-12T21:15:00Z,-122.419492,37.775894
19962596,personal robbery,2019-03-12T21:26:00Z,-122.438642,37.721626
19962897,personal robbery,2019-03-14T02:35:00Z,-122.389419,37.729354
19963001,personal robbery,2019-03-14T14:00:00Z,-122.420638,37.766625
19963004,personal robbery,2019-03-14T14:00:00Z,-122.419513,37.763429
19963032,personal robbery,2019-03-14T16:40:00Z,-122.389846,37.783609
19963042,personal robbery,2019-03-14T17:30:00Z,-122.407449,37.754506
19963337,personal robbery,2019-03-15T21:00:00Z,-122.419206,37.760235
19963375,personal robbery,2019-03-16T00:50:00Z,-122.451866,37.769379
19963441,personal robbery,2019-03-16T11:30:00Z,-122.42592,37.75983
19963516,personal robbery,2019-03-16T16:00:00Z,-122.408709,37.780971
19963677,personal robbery,2019-03-17T01:45:00Z,-122.418734,37.766739
19963683,personal robbery,2019-03-17T02:14:00Z,-122.418734,37.766739
19963697,personal robbery,2019-03-17T03:16:00Z,-122.435585,37.720827
19963885,personal robbery,2019-03-17T21:35:00Z,-122.421583,37.795027
19963927,personal robbery,2019-03-18T02:50:00Z,-122.420581,37.764996
19963930,personal robbery,2019-03-18T02:54:00Z,-122.420581,37.764996
19964080,personal robbery,2019-03-18T18:00:00Z,-122.411673,37.718754
19964211,personal robbery,2019-03-19T05:30:00Z,-122.412148,37.785893
19964410,personal robbery,2019-03-19T19:54:00Z,-122.421425,37.760101
19964549,personal robbery,2019-03-20T12:00:00Z,-122.421662,37.762579
19964906,personal robbery,2019-03-21T16:50:00Z,-122.391599,37.783823
19965437,personal robbery,2019-03-23T13:00:00Z,-122.446609,37.720724
19965538,personal robbery,2019-03-23T21:08:00Z,-122.416549,37.766871
19965577,personal robbery,2019-03-24T00:59:00Z,-122.426391,37.733675
19965596,personal robbery,2019-03-24T05:00:00Z,-122.395944,37.721716
19965694,personal robbery,2019-03-24T15:00:00Z,-122.430965,37.726926
19965737,personal robbery,2019-03-24T18:58:00Z,-122.403593,37.727634
19965783,personal robbery,2019-03-24T23:00:00Z,-122.426382,37.764646
19965836,personal robbery,2019-03-25T05:05:00Z,-122.419018,37.752204
19966093,personal robbery,2019-03-26T04:30:00Z,-122.432092,37.771897
19966244,personal robbery,2019-03-26T17:55:00Z,-122.47312,37.784421
19966660,personal robbery,2019-03-28T11:15:00Z,-122.440985,37.761078
19966661,personal robbery,2019-03-28T11:15:00Z,-122.440985,37.761078
19966682,personal robbery,2019-03-28T12:15:00Z,-122.420032,37.769045
19966823,personal robbery,2019-03-28T22:15:00Z,-122.419018,37.752204
19966825,personal robbery,2019-03-28T22:15:00Z,-122.418135,37.749041
19967110,personal robbery,2019-03-29T22:15:00Z,-122.394276,37.789926
19967169,personal robbery,2019-03-30T02:00:00Z,-122.421886,37.764917
19967323,personal robbery,2019-03-30T17:30:00Z,-122.419053,37.758633
19967458,personal robbery,2019-03-31T01:07:00Z,-122.396274,37.749746
19967517,personal robbery,2019-03-31T11:13:00Z,-122.407977,37.719736
19967646,personal robbery,2019-03-31T19:28:00Z,-122.410892,37.796395
19967647,personal robbery,2019-03-31T19:40:00Z,-122.42364,37.73669
19967702,personal robbery,2019-04-01T00:00:00Z,-122.482735,37.782122
19967743,personal robbery,2019-04-01T02:00:00Z,-122.412148,37.785893
19968023,personal robbery,2019-04-02T07:00:00Z,-122.40905,37.808111
19968165,personal robbery,2019-04-02T19:30:00Z,-122.413975,37.807483
19968238,personal robbery,2019-04-03T01:05:00Z,-122.417965,37.758698
19968393,personal robbery,2019-04-03T15:00:00Z,-122.390345,37.734599
19968404,personal robbery,2019-04-03T15:50:00Z,-122.430609,37.781646
19968439,personal robbery,2019-04-03T17:35:00Z,-122.417965,37.758698
19968538,personal robbery,2019-04-03T23:30:00Z,-122.42374,37.72876
19968548,personal robbery,2019-04-04T00:30:00Z,-122.426538,37.766268
19968562,personal robbery,2019-04-04T02:00:00Z,-122.414054,37.782794
19968771,personal robbery,2019-04-04T20:57:00Z,-122.410292,37.782231
19968996,personal robbery,2019-04-05T19:55:00Z,-122.454618,37.78403
19969001,personal robbery,2019-04-05T20:15:00Z,-122.379431,37.734082
19969349,personal robbery,2019-04-07T02:00:00Z,-122.42021,37.788223
19969352,personal robbery,2019-04-07T02:00:00Z,-122.42021,37.788223
19969666,personal robbery,2019-04-08T10:41:00Z,-122.445345,37.77021
19969668,personal robbery,2019-04-08T10:41:00Z,-122.445345,37.77021
19970223,personal robbery,2019-04-10T09:40:00Z,-122.390547,37.728099
19970316,personal robbery,2019-04-10T16:00:00Z,-122.445345,37.77021
19970329,personal robbery,2019-04-10T16:51:00Z,-122.419018,37.752204
19970488,personal robbery,2019-04-11T05:50:00Z,-122.450884,37.709413
19970490,personal robbery,2019-04-11T05:50:00Z,-122.450884,37.709413
19970492,personal robbery,2019-04-11T05:50:00Z,-122.450884,37.709413
19970553,personal robbery,2019-04-11T11:35:00Z,-122.483423,37.761417
19970628,personal robbery,2019-04-11T15:41:00Z,-122.408272,37.778861
19970639,personal robbery,2019-04-11T16:42:00Z,-122.466991,37.739723
19970677,personal robbery,2019-04-11T18:55:00Z,-122.414388,37.755699
19970737,personal robbery,2019-04-11T21:50:00Z,-122.502535,37.773604
19970757,personal robbery,2019-04-11T23:42:00Z,-122.433624,37.726236
19970986,personal robbery,2019-04-12T22:15:00Z,-122.410731,37.768178
19971007,personal robbery,2019-04-13T00:18:00Z,-122.427017,37.780193
19971022,personal robbery,2019-04-13T01:35:00Z,-122.412501,37.759028
19971117,personal robbery,2019-04-13T15:00:00Z,-122.412412,37.783004
19971140,personal robbery,2019-04-13T16:30:00Z,-122.407348,37.712547
19971152,personal robbery,2019-04-13T17:00:00Z,-122.416648,37.710473
19971180,personal robbery,2019-04-13T19:15:00Z,-122.428525,37.787651
19971190,personal robbery,2019-04-13T20:15:00Z,-122.431763,37.778632
19971330,personal robbery,2019-04-14T11:15:00Z,-122.405627,37.748971
19971429,personal robbery,2019-04-14T18:45:00Z,-122.397177,37.72991
19971581,personal robbery,2019-04-15T12:06:00Z,-122.396463,37.72074
19971732,personal robbery,2019-04-16T00:18:00Z,-122.417659,37.755502
19971855,personal robbery,2019-04-16T15:15:00Z,-122.419669,37.765051
19972164,personal robbery,2019-04-17T17:15:00Z,-122.404795,37.784908
19972343,personal robbery,2019-04-18T10:23:00Z,-122.503157,37.736229
19972347,personal robbery,2019-04-18T10:23:00Z,-122.503157,37.736229
19972903,personal robbery,2019-04-20T05:30:00Z,-122.408595,37.789226
19973028,personal robbery,2019-04-20T17:15:00Z,-122.418088,37.786101
19973121,personal robbery,2019-04-20T23:55:00Z,-122.483015,37.72045
19973132,personal robbery,2019-04-21T01:00:00Z,-122.420254,37.774359
19973337,personal robbery,2019-04-21T21:00:00Z,-122.411933,37.780006
19973363,personal robbery,2019-04-21T23:30:00Z,-122.403593,37.727634
19973381,personal robbery,2019-04-22T01:59:00Z,-122.407337,37.78456
19973383,personal robbery,2019-04-22T01:59:00Z,-122.407337,37.78456
19973599,personal robbery,2019-04-22T21:00:00Z,-122.403492,37.787963
19973632,personal robbery,2019-04-23T00:18:00Z,-122.405831,37.785744
19973639,personal robbery,2019-04-23T01:45:00Z,-122.389846,37.783609
19973640,personal robbery,2019-04-23T01:45:00Z,-122.389846,37.783609
19973641,personal robbery,2019-04-23T01:45:00Z,-122.389846,37.783609
19973643,personal robbery,2019-04-23T01:45:00Z,-122.389846,37.783609
19973713,personal robbery,2019-04-23T09:30:00Z,-122.406189,37.715244
19974079,personal robbery,2019-04-24T15:32:00Z,-122.426077,37.761427
19974174,personal robbery,2019-04-24T21:45:00Z,-122.451906,37.710231
19974321,personal robbery,2019-04-25T13:10:00Z,-122.426077,37.761427
19974375,personal robbery,2019-04-25T18:30:00Z,-122.41114,37.785075
19974783,personal robbery,2019-04-27T10:25:00Z,-122.399149,37.795163
19974908,personal robbery,2019-04-27T18:29:00Z,-122.391797,37.731644
19974942,personal robbery,2019-04-27T20:00:00Z,-122.427983,37.793307
19974956,personal robbery,2019-04-27T20:30:00Z,-122.406336,37.753004
19974983,personal robbery,2019-04-27T22:30:00Z,-122.430233,37.779783
19974986,personal robbery,2019-04-27T22:45:00Z,-122.405831,37.785744
19975021,personal robbery,2019-04-28T01:15:00Z,-122.413294,37.755766
19975022,personal robbery,2019-04-28T01:15:00Z,-122.413294,37.755766
19975024,personal robbery,2019-04-28T01:15:00Z,-122.413294,37.755766
19975042,personal robbery,2019-04-28T03:50:00Z,-122.40849300000001,37.784453
19975125,personal robbery,2019-04-28T13:10:00Z,-122.419513,37.763429
19975152,personal robbery,2019-04-28T15:30:00Z,-122.4117,37.781177
19975165,personal robbery,2019-04-28T16:43:00Z,-122.455807,37.709214
19975180,personal robbery,2019-04-28T17:20:00Z,-122.385835,37.739609
19975478,personal robbery,2019-04-29T21:40:00Z,-122.39897,37.730165
19975479,personal robbery,2019-04-29T21:41:00Z,-122.39897,37.730165
19975513,personal robbery,2019-04-30T03:15:00Z,-122.444024,37.772295
19975718,personal robbery,2019-04-30T21:18:00Z,-122.398348,37.723036
19975856,personal robbery,2019-05-01T10:30:00Z,-122.413971,37.728915
19975950,personal robbery,2019-05-01T15:20:00Z,-122.428667,37.728534
19976003,personal robbery,2019-05-01T18:06:00Z,-122.442134,37.721586
19976308,personal robbery,2019-05-03T02:30:00Z,-122.424809,37.777602
19976309,personal robbery,2019-05-03T02:40:00Z,-122.421892,37.77989
19976310,personal robbery,2019-05-03T03:00:00Z,-122.461063,37.78116
19976553,personal robbery,2019-05-03T21:10:00Z,-122.394302,37.720783
19976607,personal robbery,2019-05-04T02:05:00Z,-122.388316,37.75794
19976705,personal robbery,2019-05-04T15:00:00Z,-122.403712,37.784044
19976761,personal robbery,2019-05-04T19:00:00Z,-122.40648,37.754564
19976811,personal robbery,2019-05-04T22:24:00Z,-122.423541,37.779674
19976849,personal robbery,2019-05-05T01:23:00Z,-122.420116,37.787757
19976854,personal robbery,2019-05-05T02:00:00Z,-122.419669,37.765051
19977033,personal robbery,2019-05-05T18:30:00Z,-122.401375,37.789264
19977034,personal robbery,2019-05-05T18:30:00Z,-122.419669,37.765051
19977139,personal robbery,2019-05-06T00:01:00Z,-122.410433,37.789951
19977176,personal robbery,2019-05-06T06:58:00Z,-122.397969,37.775941
19977354,personal robbery,2019-05-06T18:35:00Z,-122.408952,37.783288
19977449,personal robbery,2019-05-07T01:40:00Z,-122.413866,37.781863
19977452,personal robbery,2019-05-07T02:20:00Z,-122.415505,37.781654
19977587,personal robbery,2019-05-07T16:20:00Z,-122.466181,37.762175
19978148,personal robbery,2019-05-09T17:30:00Z,-122.409033,37.760543
19978164,personal robbery,2019-05-09T18:25:00Z,-122.410292,37.782231
19978281,personal robbery,2019-05-10T08:02:00Z,-122.397702,37.71025
19978495,personal robbery,2019-05-10T21:37:00Z,-122.416413,37.753968
19978531,personal robbery,2019-05-11T00:23:00Z,-122.406231,37.79792
19978660,personal robbery,2019-05-11T13:41:00Z,-122.396408,37.751179
19978738,personal robbery,2019-05-11T19:30:00Z,-122.401907,37.796876
19978739,personal robbery,2019-05-11T19:30:00Z,-122.401907,37.796876
19978825,personal robbery,2019-05-12T02:49:00Z,-122.423959,37.763168
19978826,personal robbery,2019-05-12T02:50:00Z,-122.424998,37.778538
19979132,personal robbery,2019-05-13T10:07:00Z,-122.426858,37.769042
19979303,personal robbery,2019-05-13T20:25:00Z,-122.443312,37.77047
19979434,personal robbery,2019-05-14T12:00:00Z,-122.396958,37.796347
19979663,personal robbery,2019-05-15T05:30:00Z,-122.394852,37.720175
19979665,personal robbery,2019-05-15T05:30:00Z,-122.394852,37.720175
19979817,personal robbery,2019-05-15T17:15:00Z,-122.40849300000001,37.784453
19979976,personal robbery,2019-05-16T10:29:00Z,-122.416292,37.777494
19979977,personal robbery,2019-05-16T10:35:00Z,-122.405307,37.789161
19979984,personal robbery,2019-05-16T11:52:00Z,-122.394829,37.765248
19980147,personal robbery,2019-05-16T23:00:00Z,-122.415955,37.749172
19980339,personal robbery,2019-05-17T18:30:00Z,-122.441537,37.785036
19980556,personal robbery,2019-05-18T12:45:00Z,-122.39629,37.766468
19980712,personal robbery,2019-05-18T23:20:00Z,-122.406724,37.777629
19981002,personal robbery,2019-05-19T23:45:00Z,-122.418135,37.749041
19981100,personal robbery,2019-05-20T13:15:00Z,-122.403636,37.775161
19981101,personal robbery,2019-05-20T13:15:00Z,-122.403636,37.775161
19981456,personal robbery,2019-05-21T22:44:00Z,-122.41446,37.727457
19981535,personal robbery,2019-05-22T11:15:00Z,-122.405627,37.748971
19981626,personal robbery,2019-05-22T16:45:00Z,-122.406758,37.748766
19981705,personal robbery,2019-05-22T22:20:00Z,-122.482615,37.76521
19981706,personal robbery,2019-05-22T22:20:00Z,-122.482615,37.76521
19981741,personal robbery,2019-05-23T00:59:00Z,-122.485525,37.734194
19981787,personal robbery,2019-05-23T09:40:00Z,-122.452269,37.745174
19981967,personal robbery,2019-05-23T22:24:00Z,-122.404795,37.784908
19981978,personal robbery,2019-05-23T23:09:00Z,-122.404933,37.7815
19982152,personal robbery,2019-05-24T12:48:00Z,-122.39639,37.793664
19982213,personal robbery,2019-05-24T16:25:00Z,-122.404593,37.730037
19982254,personal robbery,2019-05-24T18:40:00Z,-122.390416,37.735591
19982373,personal robbery,2019-05-25T02:57:00Z,-122.409693,37.781754
19982411,personal robbery,2019-05-25T07:43:00Z,-122.417996,37.785642
19982412,personal robbery,2019-05-25T07:43:00Z,-122.417996,37.785642
19982510,personal robbery,2019-05-25T15:45:00Z,-122.412595,37.783933
19982599,personal robbery,2019-05-25T21:40:00Z,-122.426848,37.716651
19982631,personal robbery,2019-05-26T00:00:00Z,-122.406086,37.730976
19982904,personal robbery,2019-05-26T21:45:00Z,-122.419018,37.752204
19982938,personal robbery,2019-05-27T01:30:00Z,-122.419121,37.746775
19982942,personal robbery,2019-05-27T01:53:00Z,-122.419018,37.752204
19983019,personal robbery,2019-05-27T12:25:00Z,-122.390723,37.716922
19983050,personal robbery,2019-05-27T14:51:00Z,-122.405307,37.789161
19983097,personal robbery,2019-05-27T18:00:00Z,-122.394748,37.79448
19983104,personal robbery,2019-05-27T18:47:00Z,-122.388476,37.741108
19983153,personal robbery,2019-05-27T22:10:00Z,-122.420945,37.731309
19983301,personal robbery,2019-05-28T13:53:00Z,-122.422369,37.782219
19983427,personal robbery,2019-05-28T22:18:00Z,-122.422087,37.780821
19983757,personal robbery,2019-05-30T02:05:00Z,-122.40849300000001,37.784453
19983767,personal robbery,2019-05-30T03:35:00Z,-122.419018,37.752204
19984037,personal robbery,2019-05-31T03:30:00Z,-122.410292,37.782231
19984109,personal robbery,2019-05-31T11:15:00Z,-122.406336,37.753004
19984436,personal robbery,2019-06-01T09:30:00Z,-122.405286,37.773856
19984742,personal robbery,2019-06-02T11:50:00Z,-122.471775,37.780681
19984810,personal robbery,2019-06-02T17:30:00Z,-122.40116,37.782024
19984992,personal robbery,2019-06-03T13:00:00Z,-122.405572,37.724461
19985135,personal robbery,2019-06-03T20:30:00Z,-122.419206,37.760235
19985136,personal robbery,2019-06-03T20:30:00Z,-122.421425,37.760101
19985137,personal robbery,2019-06-03T20:30:00Z,-122.421425,37.760101
19985159,personal robbery,2019-06-03T22:00:00Z,-122.429687,37.776976
19985190,personal robbery,2019-06-04T00:46:00Z,-122.38203,37.733373
19985197,personal robbery,2019-06-04T01:56:00Z,-122.435001,37.760889
19985314,personal robbery,2019-06-04T15:32:00Z,-122.436468,37.722465
19985332,personal robbery,2019-06-04T16:35:00Z,-122.429783,37.785564
19985380,personal robbery,2019-06-04T19:40:00Z,-122.403842,37.789829
19985387,personal robbery,2019-06-04T20:10:00Z,-122.405574,37.790565
19985427,personal robbery,2019-06-04T22:15:00Z,-122.423146,37.769821
19985429,personal robbery,2019-06-04T22:20:00Z,-122.425136,37.770869
19985441,personal robbery,2019-06-04T22:37:00Z,-122.426616,37.76707
19985894,personal robbery,2019-06-06T17:34:00Z,-122.391306,37.720976
19986162,personal robbery,2019-06-07T14:50:00Z,-122.397177,37.72991
19986197,personal robbery,2019-06-07T17:40:00Z,-122.418135,37.749041
19986435,personal robbery,2019-06-08T15:57:00Z,-122.402837,37.78805
19986466,personal robbery,2019-06-08T18:00:00Z,-122.403349,37.80403
19986478,personal robbery,2019-06-08T18:30:00Z,-122.394981,37.777089
19986543,personal robbery,2019-06-08T22:41:00Z,-122.395405,37.722752
19986575,personal robbery,2019-06-09T00:24:00Z,-122.417802,37.768405
19986576,personal robbery,2019-06-09T00:24:00Z,-122.417802,37.768405
19986712,personal robbery,2019-06-09T18:20:00Z,-122.485148,37.785746
19986797,personal robbery,2019-06-10T00:55:00Z,-122.390694,37.734797
19986810,personal robbery,2019-06-10T01:55:00Z,-122.415251,37.764705
19987026,personal robbery,2019-06-10T21:20:00Z,-122.410952,37.784141
19987068,personal robbery,2019-06-11T00:30:00Z,-122.4117,37.781177
19987141,personal robbery,2019-06-11T11:10:00Z,-122.454096,37.720038
19987276,personal robbery,2019-06-11T19:35:00Z,-122.477011,37.761699
19987409,personal robbery,2019-06-12T10:25:00Z,-122.43283,37.775626
19987733,personal robbery,2019-06-13T13:40:00Z,-122.479687,37.754099
19987893,personal robbery,2019-06-14T02:00:00Z,-122.414054,37.782794
19987956,personal robbery,2019-06-14T11:21:00Z,-122.419397,37.775422
19988110,personal robbery,2019-06-14T21:45:00Z,-122.429092,37.790459
19988159,personal robbery,2019-06-15T01:45:00Z,-122.414054,37.782794
19988427,personal robbery,2019-06-16T00:15:00Z,-122.433879,37.734508
19988604,personal robbery,2019-06-16T19:55:00Z,-122.40806,37.791205
19988673,personal robbery,2019-06-17T02:30:00Z,-122.40797,37.790263
19989229,personal robbery,2019-06-19T03:42:00Z,-122.42262,37.772503
19989371,personal robbery,2019-06-19T15:48:00Z,-122.422343,37.725395
19989434,personal robbery,2019-06-19T18:30:00Z,-122.405831,37.785744
19989450,personal robbery,2019-06-19T19:00:00Z,-122.411933,37.780006
19989634,personal robbery,2019-06-20T13:40:00Z,-122.39275,37.778852
19989636,personal robbery,2019-06-20T13:40:00Z,-122.39275,37.778852
19989692,personal robbery,2019-06-20T17:06:00Z,-122.476039,37.72695
19989762,personal robbery,2019-06-20T21:30:00Z,-122.402066,37.788721
19989767,personal robbery,2019-06-20T21:34:00Z,-122.428354,37.76129
19989790,personal robbery,2019-06-20T23:00:00Z,-122.386452,37.711161
19990062,personal robbery,2019-06-21T21:10:00Z,-122.428667,37.728534
19990070,personal robbery,2019-06-21T21:40:00Z,-122.390968,37.734014
19990128,personal robbery,2019-06-22T02:00:00Z,-122.42021,37.788223
19990310,personal robbery,2019-06-22T19:30:00Z,-122.497047,37.771983
19990544,personal robbery,2019-06-23T15:50:00Z,-122.41158,37.759084
19990755,personal robbery,2019-06-24T10:55:00Z,-122.437611,37.774062
19990758,personal robbery,2019-06-24T11:00:00Z,-122.410292,37.782231
19990881,personal robbery,2019-06-24T18:52:00Z,-122.44691,37.803284
19990928,personal robbery,2019-06-24T21:32:00Z,-122.414242,37.783724
19991041,personal robbery,2019-06-25T13:00:00Z,-122.437611,37.774062
19991305,personal robbery,2019-06-26T11:30:00Z,-122.462581,37.712523
19991307,personal robbery,2019-06-26T11:30:00Z,-122.462581,37.712523
19991397,personal robbery,2019-06-26T17:00:00Z,-122.475937,37.730119
19991581,personal robbery,2019-06-27T12:20:00Z,-122.416,37.711915
19991777,personal robbery,2019-06-28T01:00:00Z,-122.421758,37.787548
19991781,personal robbery,2019-06-28T01:30:00Z,-122.408947,37.775873
19991815,personal robbery,2019-06-28T07:18:00Z,-122.500305,37.756929
19991912,personal robbery,2019-06-28T13:40:00Z,-122.48059,37.782212
19992073,personal robbery,2019-06-29T00:52:00Z,-122.435001,37.760889
19992083,personal robbery,2019-06-29T01:33:00Z,-122.420307,37.788699
19992408,personal robbery,2019-06-30T01:00:00Z,-122.406373,37.798589
19992440,personal robbery,2019-06-30T04:55:00Z,-122.417049,37.749107
19992728,personal robbery,2019-06-30T19:00:00Z,-122.414741,37.778719
19992766,personal robbery,2019-06-30T21:00:00Z,-122.419476,37.763051
19992796,personal robbery,2019-06-30T23:50:00Z,-122.414054,37.782794
19992823,personal robbery,2019-07-01T00:02:00Z,-122.426452,37.777388
19992824,personal robbery,2019-07-01T00:05:00Z,-122.433029,37.77655
19992833,personal robbery,2019-07-01T01:05:00Z,-122.419476,37.763051
19992838,personal robbery,2019-07-01T01:08:00Z,-122.419476,37.763051
19992957,personal robbery,2019-07-01T13:55:00Z,-122.410963,37.752685
19993157,personal robbery,2019-07-02T05:00:00Z,-122.407853,37.785492
19993202,personal robbery,2019-07-02T10:40:00Z,-122.400633,37.764898
19993687,personal robbery,2019-07-03T18:57:00Z,-122.402061,37.72392
19993702,personal robbery,2019-07-03T19:43:00Z,-122.404865,37.784007
19994051,personal robbery,2019-07-05T00:30:00Z,-122.399828,37.71665
19994078,personal robbery,2019-07-05T04:10:00Z,-122.428665,37.764508
19994307,personal robbery,2019-07-05T20:45:00Z,-122.437799,37.774992
19994316,personal robbery,2019-07-05T21:45:00Z,-122.414242,37.783724
19994479,personal robbery,2019-07-06T16:11:00Z,-122.413676,37.780927
19994483,personal robbery,2019-07-06T16:30:00Z,-122.423413,37.795737
19994722,personal robbery,2019-07-07T14:20:00Z,-122.474383,37.717507
19995095,personal robbery,2019-07-08T17:41:00Z,-122.439089,37.772922
19995213,personal robbery,2019-07-09T00:00:00Z,-122.40849300000001,37.784453
19995262,personal robbery,2019-07-09T09:45:00Z,-122.427684,37.72552
19995339,personal robbery,2019-07-09T16:00:00Z,-122.430798,37.78257
19995421,personal robbery,2019-07-09T22:25:00Z,-122.418861,37.750605
19995422,personal robbery,2019-07-09T22:25:00Z,-122.418861,37.750605
19995686,personal robbery,2019-07-10T22:12:00Z,-122.413105,37.765448
19995738,personal robbery,2019-07-11T05:30:00Z,-122.417332,37.763572
19995800,personal robbery,2019-07-11T11:25:00Z,-122.419018,37.752204
19996152,personal robbery,2019-07-12T16:58:00Z,-122.405627,37.748971
19996153,personal robbery,2019-07-12T16:58:00Z,-122.405627,37.748971
19996252,personal robbery,2019-07-12T21:30:00Z,-122.421662,37.762579
19996339,personal robbery,2019-07-13T03:00:00Z,-122.415929,37.760433
19996515,personal robbery,2019-07-13T16:45:00Z,-122.413866,37.781863
19996516,personal robbery,2019-07-13T16:45:00Z,-122.413866,37.781863
19996570,personal robbery,2019-07-13T18:53:00Z,-122.390416,37.735591
19996686,personal robbery,2019-07-14T05:05:00Z,-122.406575,37.732141
19997035,personal robbery,2019-07-15T13:09:00Z,-122.408431,37.796704
19997106,personal robbery,2019-07-15T18:15:00Z,-122.413676,37.780927
19997169,personal robbery,2019-07-15T21:43:00Z,-122.402066,37.788721
19997171,personal robbery,2019-07-15T21:50:00Z,-122.410962,37.760427
19997185,personal robbery,2019-07-15T22:30:00Z,-122.39639,37.793664
19997189,personal robbery,2019-07-15T22:40:00Z,-122.414741,37.778719
19997213,personal robbery,2019-07-16T00:50:00Z,-122.438265,37.760692
19997463,personal robbery,2019-07-16T21:30:00Z,-122.434785,37.720445
19997477,personal robbery,2019-07-16T22:45:00Z,-122.417358,37.752306
19997520,personal robbery,2019-07-17T02:05:00Z,-122.413161,37.78673
19997622,personal robbery,2019-07-17T14:00:00Z,-122.414054,37.782794
19997696,personal robbery,2019-07-17T17:15:00Z,-122.481181,37.744681
19997786,personal robbery,2019-07-17T22:00:00Z,-122.387729,37.731232
19997806,personal robbery,2019-07-17T23:40:00Z,-122.396675,37.754707
19997959,personal robbery,2019-07-18T15:25:00Z,-122.396515,37.737156
19998083,personal robbery,2019-07-19T00:30:00Z,-122.44102,37.71646
19998259,personal robbery,2019-07-19T17:04:00Z,-122.410487,37.765606
19998400,personal robbery,2019-07-20T03:00:00Z,-122.431038,37.765996
19998524,personal robbery,2019-07-20T15:57:00Z,-122.40849300000001,37.784453
19998620,personal robbery,2019-07-20T22:38:00Z,-122.40353,37.7777
19998838,personal robbery,2019-07-21T19:00:00Z,-122.431952,37.779564
19998905,personal robbery,2019-07-21T23:20:00Z,-122.418861,37.750605
19998921,personal robbery,2019-07-22T01:30:00Z,-122.402849,37.781547
19998923,personal robbery,2019-07-22T01:45:00Z,-122.387456,37.749005
19998924,personal robbery,2019-07-22T01:45:00Z,-122.387456,37.749005
19999132,personal robbery,2019-07-22T17:10:00Z,-122.40116,37.782024
19999268,personal robbery,2019-07-23T03:00:00Z,-122.415929,37.760433
19999487,personal robbery,2019-07-23T19:06:00Z,-122.410731,37.768178
19999492,personal robbery,2019-07-23T19:40:00Z,-122.469852,37.719652
19999900,personal robbery,2019-07-25T00:20:00Z,-122.414242,37.783724
19999912,personal robbery,2019-07-25T02:10:00Z,-122.419206,37.760235
19999913,personal robbery,2019-07-25T02:10:00Z,-122.419206,37.760235
19999926,personal robbery,2019-07-25T04:45:00Z,-122.429849,37.777919
20000041,personal robbery,2019-07-25T14:27:00Z,-122.400058,37.793694
20000121,personal robbery,2019-07-25T19:00:00Z,-122.414054,37.782794
20000580,personal robbery,2019-07-27T00:24:00Z,-122.417965,37.758698
20001125,personal robbery,2019-07-28T18:41:00Z,-122.419206,37.760235
20001171,personal robbery,2019-07-28T21:26:00Z,-122.418043,37.777512
20001189,personal robbery,2019-07-28T23:30:00Z,-122.415372,37.78932
20001230,personal robbery,2019-07-29T03:00:00Z,-122.431038,37.765996
20001368,personal robbery,2019-07-29T14:30:00Z,-122.410765,37.783214
20001375,personal robbery,2019-07-29T14:45:00Z,-122.381399,37.729489
20001530,personal robbery,2019-07-30T01:00:00Z,-122.421886,37.764917
20001532,personal robbery,2019-07-30T01:45:00Z,-122.435001,37.760889
20001699,personal robbery,2019-07-30T16:50:00Z,-122.40849300000001,37.784453
20001741,personal robbery,2019-07-30T19:39:00Z,-122.409283,37.779658
20001792,personal robbery,2019-07-31T00:00:00Z,-122.409245,37.781398
20001887,personal robbery,2019-07-31T11:52:00Z,-122.39275,37.778852
20001979,personal robbery,2019-07-31T16:58:00Z,-122.427462,37.76877
20002419,personal robbery,2019-08-01T23:30:00Z,-122.427203,37.781117
20002608,personal robbery,2019-08-02T17:18:00Z,-122.423489,37.758365
20002789,personal robbery,2019-08-03T04:30:00Z,-122.41278200000001,37.784866
20002819,personal robbery,2019-08-03T09:00:00Z,-122.398755,37.776568
20003011,personal robbery,2019-08-03T23:28:00Z,-122.422187,37.781286
20003055,personal robbery,2019-08-04T02:45:00Z,-122.408929,37.801426
20003267,personal robbery,2019-08-04T22:55:00Z,-122.419247,37.748974
20003560,personal robbery,2019-08-05T23:30:00Z,-122.412412,37.783004
20003561,personal robbery,2019-08-05T23:30:00Z,-122.412412,37.783004
20003750,personal robbery,2019-08-06T18:55:00Z,-122.421886,37.764917
20003908,personal robbery,2019-08-07T09:40:00Z,-122.399763,37.777372
20003934,personal robbery,2019-08-07T10:43:00Z,-122.431192,37.730568
20003947,personal robbery,2019-08-07T11:10:00Z,-122.403507,37.714357
20004048,personal robbery,2019-08-07T15:23:00Z,-122.404706,37.730318
20004205,personal robbery,2019-08-08T03:00:00Z,-122.417965,37.758698
20004281,personal robbery,2019-08-08T12:30:00Z,-122.397177,37.72991
20004303,personal robbery,2019-08-08T13:05:00Z,-122.454818,37.780117
20004515,personal robbery,2019-08-09T02:29:00Z,-122.41672,37.757167
20004819,personal robbery,2019-08-10T00:05:00Z,-122.451296,37.766592
20004894,personal robbery,2019-08-10T10:00:00Z,-122.396273,37.720982
20005148,personal robbery,2019-08-11T00:00:00Z,-122.405608,37.732439
20005278,personal robbery,2019-08-11T15:25:00Z,-122.461063,37.78116
20005367,personal robbery,2019-08-11T21:00:00Z,-122.433272,37.786085
20005602,personal robbery,2019-08-12T18:00:00Z,-122.416983,37.78242
20005701,personal robbery,2019-08-12T22:45:00Z,-122.41626,37.785376
20005751,personal robbery,2019-08-13T05:48:00Z,-122.40849300000001,37.784453
20006042,personal robbery,2019-08-14T04:43:00Z,-122.416331,37.785727
20006283,personal robbery,2019-08-14T20:00:00Z,-122.429926,37.766063
20006468,personal robbery,2019-08-15T13:30:00Z,-122.406771,37.788499
20006525,personal robbery,2019-08-15T16:45:00Z,-122.407691,37.779318
20006697,personal robbery,2019-08-16T04:45:00Z,-122.405938,37.792451
20006759,personal robbery,2019-08-16T12:40:00Z,-122.394035,37.776333
20006904,personal robbery,2019-08-16T22:40:00Z,-122.414741,37.778719
20006934,personal robbery,2019-08-17T00:05:00Z,-122.405513,37.797065
20006955,personal robbery,2019-08-17T01:00:00Z,-122.439704,37.801537
20006958,personal robbery,2019-08-17T01:00:00Z,-122.419982,37.768274
20006961,personal robbery,2019-08-17T01:06:00Z,-122.423688,37.788746
20007060,personal robbery,2019-08-17T13:30:00Z,-122.399149,37.795163
20007266,personal robbery,2019-08-18T02:00:00Z,-122.414173,37.775801
20007295,personal robbery,2019-08-18T06:00:00Z,-122.432794,37.761021
20007619,personal robbery,2019-08-19T08:51:00Z,-122.405208,37.751787
20007763,personal robbery,2019-08-19T16:46:00Z,-122.412278,37.743592
20007883,personal robbery,2019-08-19T23:40:00Z,-122.413604,37.805618
20007895,personal robbery,2019-08-20T00:45:00Z,-122.414617,37.785582
20007897,personal robbery,2019-08-20T01:45:00Z,-122.388978,37.716087
20007898,personal robbery,2019-08-20T01:45:00Z,-122.388978,37.716087
20007899,personal robbery,2019-08-20T01:45:00Z,-122.388978,37.716087
20008131,personal robbery,2019-08-20T18:52:00Z,-122.412278,37.743592
20008190,personal robbery,2019-08-20T22:19:00Z,-122.396408,37.751179
20008578,personal robbery,2019-08-22T05:00:00Z,-122.41803,37.773474
20008597,personal robbery,2019-08-22T08:05:00Z,-122.399763,37.777372
20008598,personal robbery,2019-08-22T08:15:00Z,-122.406527,37.796944
20008599,personal robbery,2019-08-22T08:15:00Z,-122.406527,37.796944
20008733,personal robbery,2019-08-22T16:36:00Z,-122.406527,37.796944
20008864,personal robbery,2019-08-23T01:15:00Z,-122.421886,37.764917
20008976,personal robbery,2019-08-23T13:15:00Z,-122.474857,37.731066
20009061,personal robbery,2019-08-23T17:40:00Z,-122.459198,37.720024
20009151,personal robbery,2019-08-23T22:45:00Z,-122.400503,37.78745
20009225,personal robbery,2019-08-24T07:38:00Z,-122.473255,37.786288
20009274,personal robbery,2019-08-24T11:32:00Z,-122.410692,37.773025
20009275,personal robbery,2019-08-24T11:39:00Z,-122.410244,37.763029
20009503,personal robbery,2019-08-25T02:00:00Z,-122.42021,37.788223
20009880,personal robbery,2019-08-26T12:40:00Z,-122.414054,37.782794
20009882,personal robbery,2019-08-26T13:00:00Z,-122.419273,37.783568
20010349,personal robbery,2019-08-27T23:00:00Z,-122.40849300000001,37.784453
20010364,personal robbery,2019-08-28T01:11:00Z,-122.433083,37.785151
20010418,personal robbery,2019-08-28T09:40:00Z,-122.405586,37.727115
20010422,personal robbery,2019-08-28T09:50:00Z,-122.403593,37.727634
20010648,personal robbery,2019-08-28T22:30:00Z,-122.44102,37.71646
20010651,personal robbery,2019-08-28T22:49:00Z,-122.446609,37.720724
20010749,personal robbery,2019-08-29T10:40:00Z,-122.407541,37.723941
20010853,personal robbery,2019-08-29T16:40:00Z,-122.405357,37.805696
20010883,personal robbery,2019-08-29T18:01:00Z,-122.395684,37.757041
20011057,personal robbery,2019-08-30T09:20:00Z,-122.454082,37.718174
20011143,personal robbery,2019-08-30T13:21:00Z,-122.43948,37.783308
20011453,personal robbery,2019-08-31T14:10:00Z,-122.483275,37.716246
20011534,personal robbery,2019-08-31T18:07:00Z,-122.463628,37.724956
20011559,personal robbery,2019-08-31T19:50:00Z,-122.408364,37.792141
20011783,personal robbery,2019-09-01T12:11:00Z,-122.473668,37.721367
20011841,personal robbery,2019-09-01T15:30:00Z,-122.383408,37.733237
20011845,personal robbery,2019-09-01T15:30:00Z,-122.383408,37.733237
20011862,personal robbery,2019-09-01T16:31:00Z,-122.403028,37.787024
20011999,personal robbery,2019-09-02T01:00:00Z,-122.417017,37.78911
20012003,personal robbery,2019-09-02T01:39:00Z,-122.396675,37.754707
20012018,personal robbery,2019-09-02T03:20:00Z,-122.396035,37.788536
20012135,personal robbery,2019-09-02T13:00:00Z,-122.44691,37.803284
20012139,personal robbery,2019-09-02T13:19:00Z,-122.442468,37.798112
20012207,personal robbery,2019-09-02T16:45:00Z,-122.426846,37.742078
20012259,personal robbery,2019-09-02T18:48:00Z,-122.410364,37.76431
20012306,personal robbery,2019-09-02T21:50:00Z,-122.428949,37.767504
20012669,personal robbery,2019-09-04T07:14:00Z,-122.397043,37.745974
20012707,personal robbery,2019-09-04T11:30:00Z,-122.416824,37.734888
20012904,personal robbery,2019-09-05T00:00:00Z,-122.410292,37.782231
20012969,personal robbery,2019-09-05T10:00:00Z,-122.408431,37.796704
20013188,personal robbery,2019-09-05T23:45:00Z,-122.381949,37.731529
20013189,personal robbery,2019-09-05T23:45:00Z,-122.381949,37.731529
20013316,personal robbery,2019-09-06T13:00:00Z,-122.44478,37.776017
20013436,personal robbery,2019-09-06T17:45:00Z,-122.452665,37.708806
20013603,personal robbery,2019-09-07T05:21:00Z,-122.394151,37.783504
20013638,personal robbery,2019-09-07T10:20:00Z,-122.407001,37.77005
20013639,personal robbery,2019-09-07T10:20:00Z,-122.407001,37.77005
20014067,personal robbery,2019-09-08T22:10:00Z,-122.428802,37.772315999999996
20014304,personal robbery,2019-09-09T18:15:00Z,-122.408036,37.78641
20014310,personal robbery,2019-09-09T18:45:00Z,-122.404101,37.726173
20014353,personal robbery,2019-09-09T21:53:00Z,-122.418484,37.763496
20014402,personal robbery,2019-09-10T04:34:00Z,-122.422199,37.76814
20014403,personal robbery,2019-09-10T04:34:00Z,-122.422199,37.76814
20014548,personal robbery,2019-09-10T17:45:00Z,-122.391852,37.729786
20014930,personal robbery,2019-09-11T22:07:00Z,-122.410401,37.778785
20015174,personal robbery,2019-09-12T21:30:00Z,-122.432323,37.715038
20015411,personal robbery,2019-09-13T19:00:00Z,-122.419669,37.765051
20015962,personal robbery,2019-09-15T16:00:00Z,-122.393597,37.787996
20016068,personal robbery,2019-09-15T21:22:00Z,-122.43065,37.761954
20016083,personal robbery,2019-09-15T22:20:00Z,-122.37664,37.829089
20016138,personal robbery,2019-09-16T06:25:00Z,-122.446348,37.800486
20016312,personal robbery,2019-09-16T17:30:00Z,-122.407483,37.783529
20016713,personal robbery,2019-09-18T02:30:00Z,-122.430261,37.771174
20016971,personal robbery,2019-09-18T19:37:00Z,-122.414617,37.785582
20017017,personal robbery,2019-09-18T22:30:00Z,-122.416948,37.78047
20017048,personal robbery,2019-09-19T01:50:00Z,-122.419669,37.765051
20017286,personal robbery,2019-09-19T20:50:00Z,-122.408161,37.780535
20017354,personal robbery,2019-09-20T02:00:00Z,-122.428969,37.767729
20017356,personal robbery,2019-09-20T02:00:00Z,-122.428969,37.767729
20017616,personal robbery,2019-09-20T20:54:00Z,-122.446609,37.720724
20017989,personal robbery,2019-09-22T02:00:00Z,-122.413975,37.807483
20017992,personal robbery,2019-09-22T02:00:00Z,-122.413975,37.807483
20017993,personal robbery,2019-09-22T02:00:00Z,-122.413975,37.807483
20018459,personal robbery,2019-09-23T20:05:00Z,-122.426452,37.777388
20018513,personal robbery,2019-09-24T00:00:00Z,-122.410998,37.790833
20018516,personal robbery,2019-09-24T00:47:00Z,-122.41443,37.784657
20018666,personal robbery,2019-09-24T15:55:00Z,-122.412416,37.76549
20018667,personal robbery,2019-09-24T15:55:00Z,-122.412416,37.76549
20018801,personal robbery,2019-09-24T23:30:00Z,-122.435814,37.78194
20018820,personal robbery,2019-09-25T01:15:00Z,-122.40849300000001,37.784453
20018967,personal robbery,2019-09-25T15:18:00Z,-122.420939,37.769918
20019082,personal robbery,2019-09-25T21:05:00Z,-122.41443,37.784657
20019174,personal robbery,2019-09-26T08:08:00Z,-122.410487,37.765606
20019251,personal robbery,2019-09-26T14:21:00Z,-122.410731,37.768178
20019793,personal robbery,2019-09-28T02:40:00Z,-122.432914,37.784355
20019794,personal robbery,2019-09-28T02:40:00Z,-122.432914,37.784355
20019909,personal robbery,2019-09-28T14:25:00Z,-122.503392,37.754926
20020048,personal robbery,2019-09-28T21:25:00Z,-122.419669,37.765051
20020137,personal robbery,2019-09-29T02:40:00Z,-122.402108,37.724036
20020140,personal robbery,2019-09-29T03:00:00Z,-122.419705,37.75377
20020160,personal robbery,2019-09-29T07:56:00Z,-122.403028,37.787024
20020422,personal robbery,2019-09-29T22:26:00Z,-122.408029,37.802863
20020423,personal robbery,2019-09-29T22:26:00Z,-122.408029,37.802863
20020761,personal robbery,2019-10-01T03:40:00Z,-122.412412,37.783004
20020762,personal robbery,2019-10-01T03:40:00Z,-122.412412,37.783004
20021139,personal robbery,2019-10-02T09:05:00Z,-122.397574,37.789763
20021355,personal robbery,2019-10-02T18:48:00Z,-122.407534,37.765783
20021701,personal robbery,2019-10-03T20:45:00Z,-122.420358,37.746492
20021712,personal robbery,2019-10-03T21:10:00Z,-122.420873,37.791496
20021756,personal robbery,2019-10-04T01:00:00Z,-122.419206,37.760235
20021861,personal robbery,2019-10-04T12:00:00Z,-122.433624,37.726236
20021882,personal robbery,2019-10-04T13:00:00Z,-122.419669,37.765051
20021922,personal robbery,2019-10-04T14:40:00Z,-122.476307,37.782406
20022092,personal robbery,2019-10-04T22:13:00Z,-122.417659,37.755502
20022136,personal robbery,2019-10-05T01:23:00Z,-122.457163,37.721843
20022223,personal robbery,2019-10-05T10:50:00Z,-122.424923,37.749435
20022224,personal robbery,2019-10-05T10:50:00Z,-122.424923,37.749435
20022225,personal robbery,2019-10-05T10:50:00Z,-122.424923,37.749435
20022232,personal robbery,2019-10-05T11:17:00Z,-122.407853,37.785492
20022370,personal robbery,2019-10-05T18:49:00Z,-122.448836,37.788857
20022402,personal robbery,2019-10-05T20:43:00Z,-122.411933,37.780006
20022404,personal robbery,2019-10-05T21:00:00Z,-122.410364,37.76431
20022408,personal robbery,2019-10-05T21:15:00Z,-122.415155,37.763697
20022619,personal robbery,2019-10-06T14:03:00Z,-122.418594,37.753837
20022625,personal robbery,2019-10-06T14:15:00Z,-122.405608,37.732439
20023322,personal robbery,2019-10-09T03:15:00Z,-122.410292,37.782231
20023331,personal robbery,2019-10-09T05:20:00Z,-122.449645,37.769662
20023407,personal robbery,2019-10-09T12:40:00Z,-122.416266,37.752373
20023548,personal robbery,2019-10-09T19:57:00Z,-122.408037,37.751257
20023549,personal robbery,2019-10-09T19:57:00Z,-122.408037,37.751257
20023636,personal robbery,2019-10-10T01:05:00Z,-122.406957,37.805494
20023653,personal robbery,2019-10-10T03:40:00Z,-122.416104,37.773532
20023654,personal robbery,2019-10-10T03:45:00Z,-122.419359,37.761836
20023785,personal robbery,2019-10-10T15:28:00Z,-122.419036,37.790788
20023808,personal robbery,2019-10-10T17:00:00Z,-122.407853,37.785492
20024046,personal robbery,2019-10-11T12:30:00Z,-122.413676,37.780927
20024220,personal robbery,2019-10-11T22:38:00Z,-122.410066,37.752739
20024296,personal robbery,2019-10-12T02:05:00Z,-122.43409,37.751304
20024486,personal robbery,2019-10-12T19:18:00Z,-122.407062,37.728059
20024548,personal robbery,2019-10-12T23:45:00Z,-122.439873,37.785248
20024549,personal robbery,2019-10-12T23:54:00Z,-122.445808,37.71708
20024588,personal robbery,2019-10-13T01:30:00Z,-122.418135,37.749041
20024596,personal robbery,2019-10-13T02:18:00Z,-122.419982,37.768274
20024719,personal robbery,2019-10-13T19:00:00Z,-122.399763,37.777372
20024780,personal robbery,2019-10-13T22:29:00Z,-122.417358,37.752306
20024827,personal robbery,2019-10-14T03:44:00Z,-122.459055,37.715758
20025046,personal robbery,2019-10-14T19:25:00Z,-122.42697,37.771593
20025068,personal robbery,2019-10-14T21:07:00Z,-122.402377,37.779459
20025097,personal robbery,2019-10-14T23:55:00Z,-122.436176,37.714209
20025129,personal robbery,2019-10-15T06:40:00Z,-122.405831,37.785744
20025233,personal robbery,2019-10-15T15:25:00Z,-122.405627,37.748971
20025384,personal robbery,2019-10-16T00:00:00Z,-122.421521,37.778021
20025393,personal robbery,2019-10-16T00:30:00Z,-122.40659,37.787568
20025429,personal robbery,2019-10-16T07:35:00Z,-122.414617,37.785582
20025510,personal robbery,2019-10-16T12:55:00Z,-122.438927,37.780588
20025583,personal robbery,2019-10-16T16:51:00Z,-122.41799,37.737805
20025715,personal robbery,2019-10-16T23:35:00Z,-122.419359,37.761836
20025965,personal robbery,2019-10-17T20:30:00Z,-122.464736,37.728362
20025974,personal robbery,2019-10-17T20:30:00Z,-122.464736,37.728362
20025975,personal robbery,2019-10-17T20:30:00Z,-122.464736,37.728362
20025981,personal robbery,2019-10-17T20:30:00Z,-122.464736,37.728362
20026080,personal robbery,2019-10-18T08:20:00Z,-122.464736,37.728362
20026092,personal robbery,2019-10-18T09:11:00Z,-122.410292,37.782231
20026094,personal robbery,2019-10-18T09:11:00Z,-122.410292,37.782231
20026258,personal robbery,2019-10-18T17:50:00Z,-122.41652,37.739062
20026284,personal robbery,2019-10-18T18:30:00Z,-122.402459,37.712179
20026447,personal robbery,2019-10-19T05:55:00Z,-122.400246,37.739276
20026457,personal robbery,2019-10-19T07:40:00Z,-122.412617,37.777026
20026537,personal robbery,2019-10-19T13:43:00Z,-122.395793,37.7871
20026613,personal robbery,2019-10-19T18:10:00Z,-122.407337,37.78456
20026639,personal robbery,2019-10-19T19:30:00Z,-122.399149,37.791017
20026657,personal robbery,2019-10-19T20:00:00Z,-122.407534,37.765783
20026719,personal robbery,2019-10-19T23:40:00Z,-122.402841,37.779829
20026745,personal robbery,2019-10-20T00:07:00Z,-122.437799,37.774992
20026890,personal robbery,2019-10-20T15:15:00Z,-122.415321,37.776718
20026909,personal robbery,2019-10-20T16:00:00Z,-122.416826,37.752337
20027028,personal robbery,2019-10-20T22:56:00Z,-122.436449,37.723788
20027111,personal robbery,2019-10-21T09:45:00Z,-122.432329,37.781428
20027371,personal robbery,2019-10-22T04:50:00Z,-122.416983,37.78242
20027609,personal robbery,2019-10-22T21:22:00Z,-122.387729,37.731232
20027643,personal robbery,2019-10-22T23:45:00Z,-122.400555,37.790247
20027770,personal robbery,2019-10-23T12:40:00Z,-122.42805,37.758089
20027818,personal robbery,2019-10-23T15:20:00Z,-122.44102,37.71646
20028021,personal robbery,2019-10-24T09:35:00Z,-122.423275,37.803413
20028247,personal robbery,2019-10-24T23:55:00Z,-122.409762,37.749544
20028330,personal robbery,2019-10-25T08:00:00Z,-122.383994,37.729112
20028332,personal robbery,2019-10-25T08:00:00Z,-122.383994,37.729112
20028385,personal robbery,2019-10-25T10:52:00Z,-122.392415,37.72916
20028589,personal robbery,2019-10-25T21:30:00Z,-122.462602,37.714308
20028601,personal robbery,2019-10-25T23:00:00Z,-122.423982,37.798552
20028607,personal robbery,2019-10-25T23:10:00Z,-122.445984,37.752352
20028658,personal robbery,2019-10-26T02:00:00Z,-122.411455,37.765548
20028691,personal robbery,2019-10-26T05:01:00Z,-122.409387,37.777977
20028714,personal robbery,2019-10-26T09:20:00Z,-122.426865,37.787862
20028759,personal robbery,2019-10-26T12:00:00Z,-122.372658,37.824119
20028850,personal robbery,2019-10-26T17:30:00Z,-122.41375,37.770347
20028898,personal robbery,2019-10-26T20:30:00Z,-122.407691,37.780162
20028941,personal robbery,2019-10-26T23:30:00Z,-122.434145,37.73355
20028956,personal robbery,2019-10-27T00:00:00Z,-122.40149,37.785829
20029028,personal robbery,2019-10-27T09:00:00Z,-122.410765,37.783214
20029232,personal robbery,2019-10-27T23:00:00Z,-122.405589,37.729777
20029243,personal robbery,2019-10-28T00:15:00Z,-122.388273,37.740045
20029251,personal robbery,2019-10-28T00:45:00Z,-122.40849300000001,37.784453
20029296,personal robbery,2019-10-28T08:00:00Z,-122.419397,37.775422
20029418,personal robbery,2019-10-28T15:40:00Z,-122.435977,37.72313
20029513,personal robbery,2019-10-28T20:00:00Z,-122.386452,37.711161
20029680,personal robbery,2019-10-29T11:15:00Z,-122.404431,37.77944
20029855,personal robbery,2019-10-29T20:31:00Z,-122.443793,37.72224
20029965,personal robbery,2019-10-30T10:17:00Z,-122.39357,37.72698
20030049,personal robbery,2019-10-30T15:51:00Z,-122.410733,37.739792
20030192,personal robbery,2019-10-30T21:40:00Z,-122.416872,37.758764
20030201,personal robbery,2019-10-30T22:18:00Z,-122.418594,37.753837
20030202,personal robbery,2019-10-30T22:18:00Z,-122.418594,37.753837
20030406,personal robbery,2019-10-31T19:13:00Z,-122.415614,37.768537
20030462,personal robbery,2019-10-31T22:23:00Z,-122.402066,37.788721
20030475,personal robbery,2019-10-31T23:00:00Z,-122.392211,37.779277
20030548,personal robbery,2019-11-01T03:21:00Z,-122.378542,37.728942
20030791,personal robbery,2019-11-01T21:23:00Z,-122.483023,37.721206
20030811,personal robbery,2019-11-01T22:45:00Z,-122.402708,37.783259
20031020,personal robbery,2019-11-02T17:00:00Z,-122.413034,37.802828
20031021,personal robbery,2019-11-02T17:00:00Z,-122.413034,37.802828
20031073,personal robbery,2019-11-02T19:49:00Z,-122.437046,37.716008
20031074,personal robbery,2019-11-02T20:00:00Z,-122.435001,37.760889
20031107,personal robbery,2019-11-02T22:15:00Z,-122.399763,37.777372
20031112,personal robbery,2019-11-02T22:48:00Z,-122.42643,37.785062
20031128,personal robbery,2019-11-02T23:25:00Z,-122.395686,37.736686
20031205,personal robbery,2019-11-03T10:00:00Z,-122.413161,37.774992
20031322,personal robbery,2019-11-03T19:50:00Z,-122.408036,37.78641
20031351,personal robbery,2019-11-03T22:00:00Z,-122.417358,37.752306
20031438,personal robbery,2019-11-04T09:04:00Z,-122.394589,37.742651
20031485,personal robbery,2019-11-04T13:14:00Z,-122.420482,37.765002
20031567,personal robbery,2019-11-04T17:31:00Z,-122.4016,37.720182
20031673,personal robbery,2019-11-04T22:45:00Z,-122.421886,37.764917
20031674,personal robbery,2019-11-04T22:54:00Z,-122.44839,37.768865
20031702,personal robbery,2019-11-05T02:35:00Z,-122.410765,37.783214
20031703,personal robbery,2019-11-05T02:35:00Z,-122.410765,37.783214
20031723,personal robbery,2019-11-05T06:30:00Z,-122.448579,37.769798
20031808,personal robbery,2019-11-05T14:11:00Z,-122.431763,37.778632
20031842,personal robbery,2019-11-05T17:10:00Z,-122.410292,37.782231
20031947,personal robbery,2019-11-05T22:18:00Z,-122.39494,37.791842
20031974,personal robbery,2019-11-06T03:00:00Z,-122.42002,37.78728
20031981,personal robbery,2019-11-06T05:30:00Z,-122.433879,37.734508
20031983,personal robbery,2019-11-06T05:45:00Z,-122.429571,37.73104
20032344,personal robbery,2019-11-07T13:30:00Z,-122.388273,37.740045
20032433,personal robbery,2019-11-07T18:42:00Z,-122.412221,37.782073
20032451,personal robbery,2019-11-07T20:10:00Z,-122.429571,37.73104
20032477,personal robbery,2019-11-07T22:00:00Z,-122.419397,37.775422
20032484,personal robbery,2019-11-07T22:55:00Z,-122.374217,37.730177
20032516,personal robbery,2019-11-08T01:00:00Z,-122.418135,37.749041
20032551,personal robbery,2019-11-08T09:20:00Z,-122.476765,37.743003
20032673,personal robbery,2019-11-08T17:20:00Z,-122.483864,37.72702
20032680,personal robbery,2019-11-08T17:31:00Z,-122.483864,37.72702
20032782,personal robbery,2019-11-08T22:30:00Z,-122.48962,37.742437
20032833,personal robbery,2019-11-09T01:20:00Z,-122.39639,37.793664
20032840,personal robbery,2019-11-09T01:50:00Z,-122.419669,37.765051
20032841,personal robbery,2019-11-09T02:00:00Z,-122.42168,37.742821
20032843,personal robbery,2019-11-09T02:00:00Z,-122.42168,37.742821
20032933,personal robbery,2019-11-09T12:59:00Z,-122.483864,37.72702
20033134,personal robbery,2019-11-10T01:43:00Z,-122.40659,37.787568
20033135,personal robbery,2019-11-10T01:43:00Z,-122.40659,37.787568
20033199,personal robbery,2019-11-10T11:03:00Z,-122.409361,37.792971
20033202,personal robbery,2019-11-10T11:55:00Z,-122.418352,37.772222
20033270,personal robbery,2019-11-10T16:44:00Z,-122.426829,37.779258
20033446,personal robbery,2019-11-11T08:30:00Z,-122.404796,37.794453
20033503,personal robbery,2019-11-11T13:42:00Z,-122.481181,37.744681
20033653,personal robbery,2019-11-11T23:33:00Z,-122.416948,37.78047
20033674,personal robbery,2019-11-12T02:35:00Z,-122.40659,37.787568
20033819,personal robbery,2019-11-12T15:00:00Z,-122.45529,37.77093
20033965,personal robbery,2019-11-13T00:30:00Z,-122.410527,37.757539
20033973,personal robbery,2019-11-13T02:30:00Z,-122.44977,37.764866
20034137,personal robbery,2019-11-13T15:45:00Z,-122.395065,37.780701
20034305,personal robbery,2019-11-14T03:01:00Z,-122.418748,37.755437
20034307,personal robbery,2019-11-14T03:01:00Z,-122.418748,37.755437
20034423,personal robbery,2019-11-14T15:40:00Z,-122.42283,37.723944
20034463,personal robbery,2019-11-14T17:50:00Z,-122.415694,37.782585
20034589,personal robbery,2019-11-15T03:10:00Z,-122.418748,37.755437
20034602,personal robbery,2019-11-15T06:15:00Z,-122.430453,37.724725
20034618,personal robbery,2019-11-15T08:08:00Z,-122.437799,37.774992
20034619,personal robbery,2019-11-15T08:08:00Z,-122.437799,37.774992
20034682,personal robbery,2019-11-15T12:00:00Z,-122.433407,37.778422
20034703,personal robbery,2019-11-15T13:00:00Z,-122.403636,37.775161
20034822,personal robbery,2019-11-15T19:00:00Z,-122.387382,37.734823
20034996,personal robbery,2019-11-16T09:25:00Z,-122.423949,37.738843
20035235,personal robbery,2019-11-17T03:27:00Z,-122.384692,37.73376
20035245,personal robbery,2019-11-17T06:41:00Z,-122.44813,37.711116
20035684,personal robbery,2019-11-18T20:00:00Z,-122.416912,37.733928
20035696,personal robbery,2019-11-18T20:38:00Z,-122.410678,37.772052
20035697,personal robbery,2019-11-18T20:38:00Z,-122.410678,37.772052
20035721,personal robbery,2019-11-18T23:45:00Z,-122.435957,37.759223
20035818,personal robbery,2019-11-19T10:57:00Z,-122.399046,37.769732
20035888,personal robbery,2019-11-19T15:30:00Z,-122.399046,37.769732
20035940,personal robbery,2019-11-19T18:15:00Z,-122.404242,37.751845
20035971,personal robbery,2019-11-19T19:30:00Z,-122.427437,37.751705
20036025,personal robbery,2019-11-19T23:45:00Z,-122.40849300000001,37.784453
20036275,personal robbery,2019-11-20T18:50:00Z,-122.413034,37.802828
20036450,personal robbery,2019-11-21T10:00:00Z,-122.418766,37.711933
20036514,personal robbery,2019-11-21T13:40:00Z,-122.401112,37.759734
20036596,personal robbery,2019-11-21T19:10:00Z,-122.446609,37.720724
20036598,personal robbery,2019-11-21T19:30:00Z,-122.417877,37.752271
20036657,personal robbery,2019-11-21T23:34:00Z,-122.419359,37.761836
20036754,personal robbery,2019-11-22T11:54:00Z,-122.407337,37.78456
20036829,personal robbery,2019-11-22T16:27:00Z,-122.436026,37.791383
20036975,personal robbery,2019-11-23T01:00:00Z,-122.432914,37.784355
20037076,personal robbery,2019-11-23T12:35:00Z,-122.409534,37.728745
20037227,personal robbery,2019-11-23T23:56:00Z,-122.422726,37.750372
20037250,personal robbery,2019-11-24T01:50:00Z,-122.469798,37.714282
20037388,personal robbery,2019-11-24T17:25:00Z,-122.435486,37.788697
20037389,personal robbery,2019-11-24T17:30:00Z,-122.409022,37.719587
20037392,personal robbery,2019-11-24T17:40:00Z,-122.387174,37.746157
20037498,personal robbery,2019-11-25T05:15:00Z,-122.418088,37.786101
20037740,personal robbery,2019-11-25T21:45:00Z,-122.405838,37.742392
20037790,personal robbery,2019-11-26T05:20:00Z,-122.396531,37.778327
20037880,personal robbery,2019-11-26T13:06:00Z,-122.432005,37.721237
20038264,personal robbery,2019-11-27T21:07:00Z,-122.406336,37.753004
20038394,personal robbery,2019-11-28T15:25:00Z,-122.427736,37.754897
20038559,personal robbery,2019-11-29T13:08:00Z,-122.47768,37.756061
20038756,personal robbery,2019-11-30T02:35:00Z,-122.399149,37.795163
20038788,personal robbery,2019-11-30T09:01:00Z,-122.417501,37.776541
20038881,personal robbery,2019-11-30T15:30:00Z,-122.436385,37.721209
20038914,personal robbery,2019-11-30T17:36:00Z,-122.416082,37.726106
20038950,personal robbery,2019-11-30T19:24:00Z,-122.437901,37.71632
20039284,personal robbery,2019-12-02T00:45:00Z,-122.421886,37.764917
20039427,personal robbery,2019-12-02T16:59:00Z,-122.439765,37.722069
20039472,personal robbery,2019-12-02T19:00:00Z,-122.413931,37.798888
20039599,personal robbery,2019-12-03T06:10:00Z,-122.418709,37.780773
20040018,personal robbery,2019-12-04T14:22:00Z,-122.434033,37.724316
20040187,personal robbery,2019-12-04T22:30:00Z,-122.416983,37.78242
20040192,personal robbery,2019-12-04T22:50:00Z,-122.44102,37.71646
20040726,personal robbery,2019-12-06T18:58:00Z,-122.446609,37.720724
20040836,personal robbery,2019-12-07T00:57:00Z,-122.41803,37.773474
20040853,personal robbery,2019-12-07T02:30:00Z,-122.397932,37.787036
20040869,personal robbery,2019-12-07T05:35:00Z,-122.40729,37.776306
20040953,personal robbery,2019-12-07T14:07:00Z,-122.399867,37.730292
20040954,personal robbery,2019-12-07T14:07:00Z,-122.399867,37.730292
20041120,personal robbery,2019-12-08T00:45:00Z,-122.406865,37.788986
20041738,personal robbery,2019-12-10T10:22:00Z,-122.44782,37.801633
20041954,personal robbery,2019-12-11T00:45:00Z,-122.417358,37.752306
20041976,personal robbery,2019-12-11T05:45:00Z,-122.413676,37.780927
20042016,personal robbery,2019-12-11T10:20:00Z,-122.481181,37.744681
20042190,personal robbery,2019-12-11T21:00:00Z,-122.395645,37.786379
20042383,personal robbery,2019-12-12T17:50:00Z,-122.390971,37.79007
20042676,personal robbery,2019-12-13T16:05:00Z,-122.435157,37.718508
20042682,personal robbery,2019-12-13T17:00:00Z,-122.417645,37.766805
20043056,personal robbery,2019-12-14T19:30:00Z,-122.391418,37.760361
20043067,personal robbery,2019-12-14T20:30:00Z,-122.42592,37.75983
20043346,personal robbery,2019-12-15T21:00:00Z,-122.399763,37.777372
20043389,personal robbery,2019-12-16T01:30:00Z,-122.417812,37.757101
20043390,personal robbery,2019-12-16T01:30:00Z,-122.417812,37.757101
20043391,personal robbery,2019-12-16T01:30:00Z,-122.417812,37.757101
20043547,personal robbery,2019-12-16T15:55:00Z,-122.383425,37.735803
20043889,personal robbery,2019-12-17T23:00:00Z,-122.450095,37.70968
20043890,personal robbery,2019-12-17T23:00:00Z,-122.450095,37.70968
20043891,personal robbery,2019-12-17T23:00:00Z,-122.450095,37.70968
20044184,personal robbery,2019-12-18T22:00:00Z,-122.414054,37.782794
20044188,personal robbery,2019-12-18T22:03:00Z,-122.414054,37.782794
20044348,personal robbery,2019-12-19T14:00:00Z,-122.459213,37.724533
20044486,personal robbery,2019-12-19T22:52:00Z,-122.386399,37.738983
20044495,personal robbery,2019-12-19T23:30:00Z,-122.417358,37.752306
20044736,personal robbery,2019-12-20T20:35:00Z,-122.426829,37.779258
20044784,personal robbery,2019-12-21T01:00:00Z,-122.390002,37.716156
20044787,personal robbery,2019-12-21T01:20:00Z,-122.418594,37.753837
20044819,personal robbery,2019-12-21T05:22:00Z,-122.37389,37.730936
20044963,personal robbery,2019-12-21T17:30:00Z,-122.40905,37.808111
20045039,personal robbery,2019-12-21T22:20:00Z,-122.419247,37.748974
20045082,personal robbery,2019-12-22T00:55:00Z,-122.419182,37.783101
20045246,personal robbery,2019-12-22T19:49:00Z,-122.419669,37.765051
20045258,personal robbery,2019-12-22T20:30:00Z,-122.438366,37.777794
20045324,personal robbery,2019-12-23T01:45:00Z,-122.409134,37.77082
20045428,personal robbery,2019-12-23T13:30:00Z,-122.420817,37.782894
20045620,personal robbery,2019-12-24T02:40:00Z,-122.416567,37.755568
20045760,personal robbery,2019-12-24T16:30:00Z,-122.414999,37.762099
20045821,personal robbery,2019-12-24T20:36:00Z,-122.412541,37.796187
20045828,personal robbery,2019-12-24T21:02:00Z,-122.42056,37.806658
20046001,personal robbery,2019-12-25T21:30:00Z,-122.422241,37.711317
20046193,personal robbery,2019-12-26T19:18:00Z,-122.446369,37.76722
20046343,personal robbery,2019-12-27T12:08:00Z,-122.435585,37.720827
20046483,personal robbery,2019-12-27T19:40:00Z,-122.460016,37.766166
20046518,personal robbery,2019-12-27T21:13:00Z,-122.419928,37.786828
20046535,personal robbery,2019-12-27T22:36:00Z,-122.40913,37.752796
20046572,personal robbery,2019-12-28T01:00:00Z,-122.42021,37.788223
20046618,personal robbery,2019-12-28T08:20:00Z,-122.415955,37.749172
20046685,personal robbery,2019-12-28T12:40:00Z,-122.434864,37.777281
20046739,personal robbery,2019-12-28T16:05:00Z,-122.413282,37.72989
20046922,personal robbery,2019-12-29T11:15:00Z,-122.404842,37.713216
20047062,personal robbery,2019-12-29T21:00:00Z,-122.393737,37.721408
20047350,personal robbery,2019-12-30T22:15:00Z,-122.393181,37.79323
20047351,personal robbery,2019-12-30T22:15:00Z,-122.394748,37.79448
20047353,personal robbery,2019-12-30T22:15:00Z,-122.393181,37.79323
20047390,personal robbery,2019-12-31T02:30:00Z,-122.421662,37.762579
